Player,FantPos,Tm,Age,G,GS,Cmp,Att,Yds,TD,Int,Att,Yds,Y/A,TD,Tgt,Rec,Yds,Y/R,TD,Fmb,FL,TD,PPR,VBD,PosRank,OvRank
Christian McCaffrey*+,RB,CAR,23.0,16.0,16.0,0.0,2.0,0.0,0.0,0.0,287.0,1387.0,4.83,15.0,142.0,116.0,1005.0,8.66,4.0,1.0,0.0,19.0,471.2,215.0,1.0,1.0
Lamar Jackson*+,QB,BAL,22.0,15.0,15.0,265.0,401.0,3127.0,36.0,6.0,176.0,1206.0,6.85,7.0,0.0,0.0,0.0,0.0,0.0,9.0,2.0,7.0,415.7,152.0,1.0,2.0
Derrick Henry*,RB,TEN,25.0,15.0,15.0,0.0,0.0,0.0,0.0,0.0,303.0,1540.0,5.08,16.0,24.0,18.0,206.0,11.44,2.0,5.0,3.0,18.0,294.6,136.0,2.0,3.0
Aaron Jones,RB,GNB,25.0,16.0,16.0,0.0,0.0,0.0,0.0,0.0,236.0,1084.0,4.59,16.0,68.0,49.0,474.0,9.67,3.0,3.0,2.0,19.0,314.8,125.0,3.0,4.0
Ezekiel Elliott*,RB,DAL,24.0,16.0,16.0,0.0,0.0,0.0,0.0,0.0,301.0,1357.0,4.51,12.0,71.0,54.0,420.0,7.78,2.0,3.0,2.0,14.0,311.7,117.0,4.0,5.0
Dalvin Cook*,RB,MIN,24.0,14.0,14.0,0.0,0.0,0.0,0.0,0.0,250.0,1135.0,4.54,13.0,63.0,53.0,519.0,9.79,0.0,4.0,2.0,13.0,292.4,99.0,5.0,6.0
Michael Thomas*+,WR,NOR,26.0,16.0,15.0,0.0,0.0,0.0,0.0,0.0,1.0,-9.0,-9.0,0.0,185.0,149.0,1725.0,11.58,9.0,1.0,0.0,9.0,374.6,97.0,1.0,7.0
Travis Kelce*,TE,KAN,30.0,16.0,16.0,0.0,0.0,0.0,0.0,0.0,1.0,4.0,4.0,1.0,136.0,97.0,1229.0,12.67,5.0,1.0,1.0,6.0,254.3,80.0,1.0,8.0
Nick Chubb*,RB,CLE,24.0,16.0,16.0,0.0,0.0,0.0,0.0,0.0,298.0,1494.0,5.01,8.0,49.0,36.0,278.0,7.72,0.0,3.0,3.0,8.0,255.2,79.0,6.0,9.0
Austin Ekeler,RB,LAC,24.0,16.0,8.0,0.0,0.0,0.0,0.0,0.0,132.0,557.0,4.22,3.0,108.0,92.0,993.0,10.79,8.0,3.0,2.0,11.0,309.0,76.0,7.0,10.0
Mark Ingram*,RB,BAL,30.0,15.0,15.0,0.0,0.0,0.0,0.0,0.0,202.0,1018.0,5.04,10.0,29.0,26.0,247.0,9.5,5.0,2.0,2.0,15.0,242.5,76.0,8.0,11.0
Dak Prescott,QB,DAL,26.0,16.0,16.0,388.0,596.0,4902.0,30.0,11.0,52.0,277.0,5.33,3.0,0.0,0.0,0.0,0.0,0.0,6.0,2.0,3.0,337.8,74.0,2.0,12.0
Mark Andrews*,TE,BAL,23.0,15.0,4.0,0.0,0.0,0.0,0.0,0.0,0.0,0.0,0.0,0.0,98.0,64.0,852.0,13.31,10.0,2.0,1.0,10.0,207.2,66.0,2.0,13.0
Russell Wilson*,QB,SEA,31.0,16.0,16.0,341.0,516.0,4110.0,31.0,5.0,75.0,342.0,4.56,3.0,0.0,0.0,0.0,0.0,0.0,8.0,2.0,3.0,328.6,65.0,3.0,14.0
Chris Godwin*,WR,TAM,23.0,14.0,14.0,0.0,0.0,0.0,0.0,0.0,1.0,8.0,8.0,0.0,121.0,86.0,1333.0,15.5,9.0,0.0,0.0,9.0,276.1,61.0,2.0,15.0
George Kittle*+,TE,SFO,26.0,14.0,14.0,0.0,0.0,0.0,0.0,0.0,5.0,22.0,4.4,0.0,107.0,85.0,1053.0,12.39,5.0,1.0,0.0,5.0,222.5,61.0,3.0,16.0
Deshaun Watson*,QB,HOU,24.0,15.0,15.0,333.0,495.0,3852.0,26.0,12.0,82.0,413.0,5.04,7.0,1.0,1.0,6.0,6.0,1.0,10.0,3.0,8.0,321.0,56.0,4.0,17.0
Chris Carson,RB,SEA,25.0,15.0,15.0,0.0,0.0,0.0,0.0,0.0,278.0,1230.0,4.42,7.0,47.0,37.0,266.0,7.19,2.0,7.0,4.0,9.0,232.6,55.0,9.0,18.0
Darren Waller,TE,OAK,27.0,16.0,16.0,0.0,0.0,0.0,0.0,0.0,2.0,5.0,2.5,0.0,117.0,90.0,1145.0,12.72,3.0,1.0,1.0,3.0,221.0,54.0,4.0,19.0
Kenny Golladay*,WR,DET,26.0,16.0,16.0,0.0,0.0,0.0,0.0,0.0,0.0,0.0,0.0,0.0,116.0,65.0,1190.0,18.31,11.0,1.0,1.0,11.0,248.0,54.0,3.0,20.0
Saquon Barkley,RB,NYG,22.0,13.0,13.0,0.0,0.0,0.0,0.0,0.0,217.0,1003.0,4.62,6.0,73.0,52.0,438.0,8.42,2.0,1.0,0.0,8.0,244.1,52.0,10.0,21.0
Zach Ertz*,TE,PHI,29.0,15.0,15.0,0.0,0.0,0.0,0.0,0.0,0.0,0.0,0.0,0.0,135.0,88.0,916.0,10.41,6.0,1.0,1.0,6.0,215.6,51.0,5.0,22.0
Joe Mixon,RB,CIN,23.0,16.0,15.0,0.0,0.0,0.0,0.0,0.0,278.0,1137.0,4.09,5.0,45.0,35.0,287.0,8.2,3.0,0.0,0.0,8.0,225.4,50.0,11.0,23.0
Todd Gurley,RB,LAR,25.0,15.0,15.0,0.0,0.0,0.0,0.0,0.0,223.0,857.0,3.84,12.0,49.0,31.0,207.0,6.68,2.0,3.0,2.0,14.0,219.4,48.0,12.0,24.0
Jared Cook*,TE,NOR,32.0,14.0,7.0,0.0,0.0,0.0,0.0,0.0,0.0,0.0,0.0,0.0,65.0,43.0,705.0,16.4,9.0,0.0,0.0,9.0,167.5,48.0,6.0,25.0
Cooper Kupp,WR,LAR,26.0,16.0,14.0,0.0,1.0,0.0,0.0,0.0,2.0,4.0,2.0,0.0,134.0,94.0,1161.0,12.35,10.0,3.0,0.0,10.0,270.5,47.0,4.0,26.0
Julio Jones*,WR,ATL,30.0,15.0,15.0,0.0,0.0,0.0,0.0,0.0,2.0,-3.0,-1.5,0.0,157.0,99.0,1394.0,14.08,6.0,1.0,0.0,6.0,274.1,46.0,5.0,27.0
DeVante Parker,WR,MIA,26.0,16.0,14.0,0.0,0.0,0.0,0.0,0.0,0.0,0.0,0.0,0.0,128.0,72.0,1202.0,16.69,9.0,0.0,0.0,9.0,246.2,45.0,6.0,28.0
Leonard Fournette,RB,JAX,24.0,15.0,15.0,0.0,0.0,0.0,0.0,0.0,265.0,1152.0,4.35,3.0,100.0,76.0,522.0,6.87,0.0,1.0,1.0,3.0,259.4,43.0,13.0,29.0
Jameis Winston,QB,TAM,25.0,16.0,16.0,380.0,626.0,5109.0,33.0,30.0,59.0,250.0,4.24,1.0,0.0,0.0,0.0,0.0,0.0,12.0,5.0,1.0,305.4,42.0,5.0,30.0
Austin Hooper*,TE,ATL,25.0,13.0,10.0,0.0,0.0,0.0,0.0,0.0,0.0,0.0,0.0,0.0,97.0,75.0,787.0,10.49,6.0,0.0,0.0,6.0,191.7,40.0,7.0,31.0
Amari Cooper*,WR,DAL,25.0,16.0,16.0,0.0,0.0,0.0,0.0,0.0,1.0,6.0,6.0,0.0,119.0,79.0,1189.0,15.05,8.0,0.0,0.0,8.0,246.5,38.0,7.0,32.0
Mike Evans*,WR,TAM,26.0,13.0,13.0,0.0,0.0,0.0,0.0,0.0,0.0,0.0,0.0,0.0,118.0,67.0,1157.0,17.27,8.0,0.0,0.0,8.0,232.7,37.0,8.0,33.0
A.J. Brown,WR,TEN,22.0,16.0,11.0,0.0,0.0,0.0,0.0,0.0,3.0,60.0,20.0,1.0,84.0,52.0,1051.0,20.21,8.0,1.0,0.0,9.0,217.1,36.0,9.0,34.0
DeAndre Hopkins*+,WR,HOU,27.0,15.0,15.0,1.0,2.0,6.0,1.0,1.0,2.0,18.0,9.0,0.0,150.0,104.0,1165.0,11.2,7.0,0.0,0.0,7.0,268.5,35.0,10.0,35.0
Josh Jacobs,RB,OAK,21.0,13.0,13.0,0.0,0.0,0.0,0.0,0.0,242.0,1150.0,4.75,7.0,27.0,20.0,166.0,8.3,0.0,1.0,1.0,7.0,191.6,31.0,14.0,36.0
Keenan Allen*,WR,LAC,27.0,16.0,16.0,0.0,0.0,0.0,0.0,0.0,3.0,16.0,5.33,0.0,149.0,104.0,1199.0,11.53,6.0,0.0,0.0,6.0,261.5,28.0,11.0,37.0
Miles Sanders,RB,PHI,22.0,16.0,11.0,0.0,0.0,0.0,0.0,0.0,179.0,818.0,4.57,3.0,63.0,50.0,509.0,10.18,3.0,2.0,1.0,6.0,218.7,28.0,15.0,38.0
Allen Robinson,WR,CHI,26.0,16.0,15.0,0.0,0.0,0.0,0.0,0.0,1.0,2.0,2.0,0.0,154.0,98.0,1147.0,11.7,7.0,0.0,0.0,7.0,254.9,28.0,12.0,39.0
Julian Edelman,WR,NWE,33.0,16.0,13.0,2.0,2.0,47.0,1.0,0.0,8.0,27.0,3.38,0.0,153.0,100.0,1117.0,11.17,6.0,3.0,1.0,6.0,256.3,27.0,13.0,40.0
Alvin Kamara*,RB,NOR,24.0,14.0,9.0,1.0,1.0,13.0,0.0,0.0,171.0,797.0,4.66,5.0,97.0,81.0,533.0,6.58,1.0,4.0,1.0,6.0,248.5,27.0,16.0,41.0
Marlon Mack,RB,IND,23.0,14.0,12.0,0.0,0.0,0.0,0.0,0.0,247.0,1091.0,4.42,8.0,17.0,14.0,82.0,5.86,0.0,0.0,0.0,8.0,181.3,27.0,17.0,42.0
Jarvis Landry*,WR,CLE,27.0,16.0,16.0,0.0,0.0,0.0,0.0,0.0,1.0,10.0,10.0,0.0,138.0,83.0,1174.0,14.14,6.0,0.0,0.0,6.0,237.4,25.0,14.0,43.0
Josh Allen,QB,BUF,23.0,16.0,16.0,271.0,461.0,3089.0,20.0,9.0,109.0,510.0,4.68,9.0,0.0,0.0,0.0,0.0,0.0,14.0,4.0,9.0,288.6,25.0,6.0,44.0
Tyler Lockett,WR,SEA,27.0,16.0,16.0,0.0,0.0,0.0,0.0,0.0,4.0,-5.0,-1.25,0.0,110.0,82.0,1057.0,12.89,8.0,1.0,0.0,8.0,235.2,24.0,15.0,45.0
DJ Chark*,WR,JAX,23.0,15.0,14.0,0.0,0.0,0.0,0.0,0.0,2.0,20.0,10.0,0.0,118.0,73.0,1008.0,13.81,8.0,0.0,0.0,8.0,225.8,24.0,16.0,46.0
Kenyan Drake,RB,2TM,25.0,14.0,10.0,0.0,0.0,0.0,0.0,0.0,170.0,817.0,4.81,8.0,68.0,50.0,345.0,6.9,0.0,2.0,1.0,8.0,214.2,24.0,18.0,47.0
Patrick Mahomes*,QB,KAN,24.0,14.0,14.0,319.0,484.0,4031.0,26.0,5.0,43.0,218.0,5.07,2.0,0.0,0.0,0.0,0.0,0.0,3.0,2.0,2.0,287.0,23.0,7.0,48.0
Phillip Lindsay,RB,DEN,25.0,16.0,16.0,0.0,0.0,0.0,0.0,0.0,224.0,1011.0,4.51,7.0,48.0,35.0,196.0,5.6,0.0,0.0,0.0,7.0,197.7,22.0,19.0,49.0
Kyler Murray,QB,ARI,22.0,16.0,16.0,349.0,542.0,3722.0,20.0,12.0,93.0,544.0,5.85,4.0,0.0,0.0,0.0,0.0,0.0,5.0,2.0,4.0,285.3,22.0,8.0,50.0
Courtland Sutton*,WR,DEN,24.0,16.0,14.0,1.0,1.0,38.0,0.0,0.0,3.0,17.0,5.67,0.0,124.0,72.0,1112.0,15.44,6.0,2.0,0.0,6.0,222.4,21.0,17.0,51.0
Stefon Diggs,WR,MIN,26.0,15.0,15.0,0.0,1.0,0.0,0.0,0.0,5.0,61.0,12.2,0.0,94.0,63.0,1130.0,17.94,6.0,4.0,3.0,6.0,212.1,20.0,18.0,52.0
John Brown,WR,BUF,29.0,15.0,15.0,1.0,1.0,28.0,1.0,0.0,2.0,7.0,3.5,0.0,115.0,72.0,1060.0,14.72,6.0,0.0,0.0,6.0,219.8,19.0,19.0,53.0
Hunter Henry,TE,LAC,25.0,12.0,12.0,0.0,0.0,0.0,0.0,0.0,0.0,0.0,0.0,0.0,76.0,55.0,652.0,11.85,5.0,1.0,1.0,5.0,150.2,18.0,8.0,54.0
Michael Gallup,WR,DAL,23.0,14.0,12.0,0.0,0.0,0.0,0.0,0.0,0.0,0.0,0.0,0.0,113.0,66.0,1107.0,16.77,6.0,0.0,0.0,6.0,212.7,18.0,20.0,55.0
Aaron Rodgers*,QB,GNB,36.0,16.0,16.0,353.0,569.0,4002.0,26.0,4.0,46.0,183.0,3.98,1.0,0.0,0.0,0.0,0.0,0.0,4.0,4.0,1.0,278.4,15.0,9.0,56.0
Tyler Higbee,TE,LAR,26.0,15.0,15.0,0.0,0.0,0.0,0.0,0.0,0.0,0.0,0.0,0.0,89.0,69.0,734.0,10.64,3.0,0.0,0.0,3.0,160.4,15.0,9.0,57.0
D.J. Moore,WR,CAR,22.0,15.0,15.0,0.0,0.0,0.0,0.0,0.0,6.0,40.0,6.67,0.0,135.0,87.0,1175.0,13.51,4.0,2.0,1.0,4.0,230.5,14.0,21.0,58.0
Robert Woods,WR,LAR,27.0,15.0,15.0,0.0,0.0,0.0,0.0,0.0,17.0,115.0,6.76,1.0,139.0,90.0,1134.0,12.6,2.0,0.0,0.0,3.0,232.9,14.0,22.0,59.0
Carson Wentz,QB,PHI,27.0,16.0,16.0,388.0,607.0,4039.0,27.0,7.0,62.0,243.0,3.92,1.0,0.0,0.0,0.0,0.0,0.0,16.0,7.0,1.0,275.9,12.0,10.0,60.0
Raheem Mostert,RB,SFO,27.0,16.0,0.0,0.0,0.0,0.0,0.0,0.0,137.0,772.0,5.64,8.0,22.0,14.0,180.0,12.86,2.0,2.0,2.0,10.0,165.2,11.0,20.0,61.0
Dallas Goedert,TE,PHI,24.0,15.0,9.0,0.0,0.0,0.0,0.0,0.0,0.0,0.0,0.0,0.0,87.0,58.0,607.0,10.47,5.0,2.0,2.0,5.0,144.7,10.0,10.0,62.0
Le'Veon Bell,RB,NYJ,27.0,15.0,15.0,0.0,0.0,0.0,0.0,0.0,245.0,789.0,3.22,3.0,78.0,66.0,461.0,6.98,1.0,1.0,1.0,4.0,215.0,8.0,21.0,63.0
Mike Gesicki,TE,MIA,24.0,16.0,5.0,0.0,0.0,0.0,0.0,0.0,0.0,0.0,0.0,0.0,89.0,51.0,570.0,11.18,5.0,1.0,1.0,5.0,136.0,8.0,11.0,64.0
Calvin Ridley,WR,ATL,25.0,13.0,10.0,0.0,0.0,0.0,0.0,0.0,2.0,34.0,17.0,0.0,93.0,63.0,866.0,13.75,7.0,0.0,0.0,7.0,197.0,5.0,23.0,65.0
David Montgomery,RB,CHI,22.0,16.0,8.0,0.0,0.0,0.0,0.0,0.0,242.0,889.0,3.67,6.0,35.0,25.0,185.0,7.4,1.0,2.0,2.0,7.0,170.4,5.0,22.0,66.0
Terry McLaurin,WR,WAS,24.0,14.0,14.0,0.0,0.0,0.0,0.0,0.0,0.0,0.0,0.0,0.0,93.0,58.0,919.0,15.84,7.0,0.0,0.0,7.0,191.9,5.0,24.0,67.0
Tyler Boyd,WR,CIN,25.0,16.0,15.0,0.0,0.0,0.0,0.0,0.0,4.0,23.0,5.75,0.0,148.0,90.0,1046.0,11.62,5.0,2.0,2.0,5.0,222.9,4.0,25.0,68.0
Matt Ryan,QB,ATL,34.0,15.0,15.0,408.0,616.0,4466.0,26.0,14.0,34.0,147.0,4.32,1.0,0.0,0.0,0.0,0.0,0.0,9.0,5.0,1.0,267.3,4.0,11.0,69.0
Deebo Samuel,WR,SFO,23.0,15.0,11.0,0.0,0.0,0.0,0.0,0.0,14.0,159.0,11.36,3.0,81.0,57.0,802.0,14.07,3.0,2.0,1.0,6.0,189.1,3.0,26.0,70.0
Marvin Jones,WR,DET,29.0,13.0,11.0,0.0,0.0,0.0,0.0,0.0,2.0,0.0,0.0,0.0,91.0,62.0,779.0,12.56,9.0,0.0,0.0,9.0,193.9,3.0,27.0,71.0
Carlos Hyde,RB,HOU,29.0,16.0,14.0,0.0,0.0,0.0,0.0,0.0,245.0,1070.0,4.37,6.0,16.0,10.0,42.0,4.2,0.0,4.0,2.0,6.0,153.2,3.0,23.0,72.0
Tyreek Hill*,WR,KAN,25.0,12.0,12.0,0.0,0.0,0.0,0.0,0.0,8.0,23.0,2.88,0.0,89.0,58.0,860.0,14.83,7.0,0.0,0.0,7.0,188.3,1.0,28.0,73.0
Davante Adams*,WR,GNB,27.0,12.0,12.0,0.0,0.0,0.0,0.0,0.0,0.0,0.0,0.0,0.0,127.0,83.0,997.0,12.01,5.0,2.0,1.0,5.0,212.7,1.0,29.0,74.0
Sony Michel,RB,NWE,24.0,16.0,14.0,0.0,0.0,0.0,0.0,0.0,247.0,912.0,3.69,7.0,20.0,12.0,94.0,7.83,0.0,2.0,1.0,7.0,152.6,0.0,24.0,75.0
Tom Brady,QB,NWE,42.0,16.0,16.0,373.0,613.0,4057.0,24.0,8.0,26.0,34.0,1.31,3.0,0.0,0.0,0.0,0.0,0.0,4.0,1.0,3.0,263.7,0.0,12.0,76.0
Jason Witten,TE,DAL,37.0,16.0,16.0,0.0,0.0,0.0,0.0,0.0,0.0,0.0,0.0,0.0,83.0,63.0,529.0,8.4,4.0,1.0,1.0,4.0,139.9,0.0,12.0,77.0
Michael Burton,,WAS,27.0,10.0,2.0,0.0,0.0,0.0,0.0,0.0,0.0,0.0,0.0,0.0,1.0,0.0,0.0,0.0,0.0,0.0,0.0,0.0,0.0,0.0,1.0,78.0
Jared Goff,QB,LAR,25.0,16.0,16.0,394.0,626.0,4638.0,22.0,16.0,33.0,40.0,1.21,2.0,0.0,0.0,0.0,0.0,0.0,10.0,5.0,2.0,247.5,0.0,13.0,0.0
Jimmy Garoppolo,QB,SFO,28.0,16.0,16.0,329.0,476.0,3978.0,27.0,13.0,46.0,62.0,1.35,1.0,0.0,0.0,0.0,0.0,0.0,10.0,5.0,1.0,247.3,0.0,14.0,0.0
Derek Carr,QB,OAK,28.0,16.0,16.0,361.0,513.0,4054.0,21.0,8.0,27.0,82.0,3.04,2.0,0.0,0.0,0.0,0.0,0.0,7.0,3.0,2.0,244.4,0.0,16.0,0.0
Kirk Cousins*,QB,MIN,31.0,15.0,15.0,307.0,444.0,3603.0,26.0,6.0,31.0,63.0,2.03,1.0,1.0,0.0,0.0,0.0,0.0,10.0,3.0,1.0,244.4,0.0,15.0,0.0
Ryan Fitzpatrick,QB,MIA,37.0,15.0,13.0,311.0,502.0,3529.0,20.0,13.0,54.0,243.0,4.5,4.0,0.0,0.0,0.0,0.0,0.0,9.0,2.0,4.0,241.5,0.0,17.0,0.0
Philip Rivers,QB,LAC,38.0,16.0,16.0,390.0,591.0,4615.0,23.0,20.0,12.0,29.0,2.42,0.0,0.0,0.0,0.0,0.0,0.0,8.0,3.0,0.0,235.5,0.0,18.0,0.0
Baker Mayfield,QB,CLE,24.0,16.0,16.0,317.0,534.0,3827.0,22.0,21.0,28.0,141.0,5.04,3.0,0.0,0.0,0.0,0.0,0.0,6.0,2.0,3.0,229.2,0.0,20.0,0.0
Gardner Minshew,QB,JAX,23.0,14.0,12.0,285.0,470.0,3271.0,21.0,6.0,67.0,344.0,5.13,0.0,0.0,0.0,0.0,0.0,0.0,13.0,7.0,0.0,229.2,0.0,19.0,0.0
Drew Brees*,QB,NOR,40.0,11.0,11.0,281.0,378.0,2979.0,27.0,4.0,9.0,-4.0,-0.44,1.0,0.0,0.0,0.0,0.0,0.0,0.0,0.0,1.0,224.8,0.0,21.0,0.0
Ryan Tannehill*,QB,TEN,31.0,12.0,10.0,201.0,286.0,2742.0,22.0,6.0,43.0,185.0,4.3,4.0,0.0,0.0,0.0,0.0,0.0,6.0,3.0,4.0,224.2,0.0,22.0,0.0
Jacoby Brissett,QB,IND,27.0,15.0,15.0,272.0,447.0,2942.0,18.0,6.0,56.0,228.0,4.07,4.0,1.0,1.0,2.0,2.0,0.0,7.0,5.0,4.0,217.7,0.0,23.0,0.0
Daniel Jones,QB,NYG,22.0,13.0,12.0,284.0,459.0,3027.0,24.0,12.0,45.0,279.0,6.2,2.0,0.0,0.0,0.0,0.0,0.0,18.0,11.0,2.0,215.0,0.0,24.0,0.0
Andy Dalton,QB,CIN,32.0,13.0,13.0,314.0,528.0,3494.0,16.0,14.0,32.0,73.0,2.28,4.0,1.0,1.0,-4.0,-4.0,0.0,8.0,4.0,4.0,203.7,0.0,26.0,0.0
Mitchell Trubisky,QB,CHI,25.0,15.0,15.0,326.0,516.0,3138.0,17.0,10.0,48.0,193.0,4.02,2.0,0.0,0.0,0.0,0.0,0.0,5.0,2.0,2.0,202.8,0.0,25.0,0.0
Sam Darnold,QB,NYJ,22.0,13.0,13.0,273.0,441.0,3024.0,19.0,13.0,33.0,62.0,1.88,2.0,0.0,0.0,0.0,0.0,0.0,11.0,3.0,2.0,189.2,0.0,27.0,0.0
Kyle Allen,QB,CAR,23.0,13.0,12.0,303.0,489.0,3322.0,17.0,16.0,32.0,106.0,3.31,2.0,0.0,0.0,0.0,0.0,0.0,13.0,7.0,2.0,177.5,0.0,28.0,0.0
Matthew Stafford,QB,DET,31.0,8.0,8.0,187.0,291.0,2499.0,19.0,5.0,20.0,66.0,3.3,0.0,0.0,0.0,0.0,0.0,0.0,5.0,3.0,0.0,166.6,0.0,29.0,0.0
Devonta Freeman,RB,ATL,27.0,14.0,14.0,0.0,0.0,0.0,0.0,0.0,184.0,656.0,3.57,2.0,70.0,59.0,410.0,6.95,4.0,3.0,2.0,6.0,197.6,0.0,26.0,0.0
Melvin Gordon,RB,LAC,26.0,12.0,11.0,0.0,0.0,0.0,0.0,0.0,162.0,612.0,3.78,8.0,55.0,42.0,296.0,7.05,1.0,4.0,3.0,9.0,180.8,0.0,25.0,0.0
Ronald Jones,RB,TAM,22.0,16.0,9.0,0.0,0.0,0.0,0.0,0.0,172.0,724.0,4.21,6.0,40.0,31.0,309.0,9.97,0.0,3.0,2.0,6.0,166.3,0.0,27.0,0.0
Adrian Peterson,RB,WAS,34.0,15.0,15.0,0.0,0.0,0.0,0.0,0.0,211.0,898.0,4.26,5.0,23.0,17.0,142.0,8.35,0.0,3.0,2.0,5.0,147.0,0.0,28.0,0.0
D.K. Metcalf,WR,SEA,22.0,16.0,15.0,0.0,0.0,0.0,0.0,0.0,2.0,11.0,5.5,0.0,100.0,58.0,900.0,15.52,7.0,3.0,3.0,7.0,187.1,0.0,30.0,0.0
James White,RB,NWE,27.0,15.0,1.0,1.0,1.0,35.0,0.0,0.0,67.0,263.0,3.93,1.0,95.0,72.0,645.0,8.96,5.0,1.0,1.0,6.0,200.2,0.0,29.0,0.0
Odell Beckham,WR,CLE,27.0,16.0,15.0,1.0,2.0,20.0,0.0,0.0,3.0,10.0,3.33,0.0,133.0,74.0,1035.0,13.99,4.0,1.0,1.0,4.0,201.3,0.0,31.0,0.0
Emmanuel Sanders,WR,2TM,32.0,17.0,16.0,1.0,1.0,35.0,1.0,0.0,0.0,0.0,0.0,0.0,97.0,66.0,869.0,13.17,5.0,0.0,0.0,5.0,190.3,0.0,32.0,0.0
Latavius Murray,RB,NOR,29.0,16.0,8.0,0.0,0.0,0.0,0.0,0.0,146.0,637.0,4.36,5.0,43.0,34.0,235.0,6.91,1.0,0.0,0.0,6.0,157.2,0.0,30.0,0.0
Darius Slayton,WR,NYG,22.0,14.0,9.0,0.0,0.0,0.0,0.0,0.0,0.0,0.0,0.0,0.0,84.0,48.0,740.0,15.42,8.0,0.0,0.0,8.0,170.0,0.0,33.0,0.0
Jamison Crowder,WR,NYJ,26.0,16.0,12.0,0.0,0.0,0.0,0.0,0.0,1.0,4.0,4.0,0.0,122.0,78.0,833.0,10.68,6.0,0.0,0.0,6.0,197.7,0.0,34.0,0.0
Devin Singletary,RB,BUF,22.0,12.0,8.0,0.0,0.0,0.0,0.0,0.0,151.0,775.0,5.13,2.0,41.0,29.0,194.0,6.69,2.0,4.0,1.0,4.0,147.9,0.0,31.0,0.0
Cole Beasley,WR,BUF,30.0,15.0,10.0,0.0,0.0,0.0,0.0,0.0,0.0,0.0,0.0,0.0,106.0,67.0,778.0,11.61,6.0,0.0,0.0,6.0,184.8,0.0,35.0,0.0
Curtis Samuel,WR,CAR,23.0,16.0,15.0,0.0,0.0,0.0,0.0,0.0,19.0,130.0,6.84,1.0,105.0,54.0,627.0,11.61,6.0,0.0,0.0,7.0,171.7,0.0,36.0,0.0
Tevin Coleman,RB,SFO,26.0,14.0,11.0,0.0,0.0,0.0,0.0,0.0,137.0,544.0,3.97,6.0,30.0,21.0,180.0,8.57,1.0,0.0,0.0,7.0,135.4,0.0,32.0,0.0
James Conner,RB,PIT,24.0,10.0,10.0,0.0,0.0,0.0,0.0,0.0,116.0,464.0,4.0,4.0,38.0,34.0,251.0,7.38,3.0,1.0,1.0,7.0,145.5,0.0,33.0,0.0
Mike Williams,WR,LAC,25.0,15.0,15.0,0.0,0.0,0.0,0.0,0.0,1.0,2.0,2.0,0.0,90.0,49.0,1001.0,20.43,2.0,0.0,0.0,2.0,161.3,0.0,37.0,0.0
Damien Williams,RB,KAN,27.0,11.0,6.0,0.0,0.0,0.0,0.0,0.0,111.0,498.0,4.49,5.0,37.0,30.0,213.0,7.1,2.0,1.0,1.0,7.0,141.1,0.0,34.0,0.0
Robby Anderson,WR,NYJ,26.0,16.0,15.0,0.0,0.0,0.0,0.0,0.0,1.0,4.0,4.0,0.0,96.0,52.0,779.0,14.98,5.0,1.0,0.0,5.0,162.3,0.0,38.0,0.0
Chris Conley,WR,JAX,27.0,16.0,14.0,0.0,0.0,0.0,0.0,0.0,0.0,0.0,0.0,0.0,90.0,47.0,775.0,16.49,5.0,0.0,0.0,5.0,156.5,0.0,39.0,0.0
Duke Johnson,RB,HOU,26.0,16.0,2.0,0.0,0.0,0.0,0.0,0.0,83.0,410.0,4.94,2.0,62.0,44.0,410.0,9.32,3.0,1.0,1.0,5.0,154.0,0.0,35.0,0.0
Mason Rudolph,QB,PIT,24.0,10.0,8.0,176.0,283.0,1765.0,13.0,9.0,21.0,42.0,2.0,0.0,0.0,0.0,0.0,0.0,0.0,4.0,0.0,0.0,108.8,0.0,30.0,0.0
Jamaal Williams,RB,GNB,24.0,14.0,2.0,0.0,0.0,0.0,0.0,0.0,107.0,460.0,4.3,1.0,45.0,39.0,253.0,6.49,5.0,0.0,0.0,6.0,146.3,0.0,36.0,0.0
David Johnson,RB,ARI,28.0,13.0,9.0,0.0,0.0,0.0,0.0,0.0,94.0,345.0,3.67,2.0,47.0,36.0,370.0,10.28,4.0,1.0,1.0,6.0,141.5,0.0,37.0,0.0
Diontae Johnson,WR,PIT,23.0,16.0,12.0,0.0,0.0,0.0,0.0,0.0,4.0,41.0,10.25,0.0,92.0,59.0,680.0,11.53,5.0,5.0,2.0,6.0,163.1,0.0,40.0,0.0
Case Keenum,QB,WAS,31.0,10.0,8.0,160.0,247.0,1707.0,11.0,5.0,9.0,12.0,1.33,1.0,0.0,0.0,0.0,0.0,0.0,6.0,3.0,1.0,103.5,0.0,31.0,0.0
Golden Tate,WR,NYG,31.0,11.0,10.0,0.0,0.0,0.0,0.0,0.0,1.0,16.0,16.0,0.0,85.0,49.0,676.0,13.8,6.0,1.0,1.0,6.0,152.2,0.0,41.0,0.0
Larry Fitzgerald,WR,ARI,36.0,16.0,16.0,0.0,0.0,0.0,0.0,0.0,0.0,0.0,0.0,0.0,109.0,75.0,804.0,10.72,4.0,1.0,1.0,4.0,177.4,0.0,42.0,0.0
Breshad Perriman,WR,TAM,26.0,14.0,4.0,0.0,0.0,0.0,0.0,0.0,2.0,16.0,8.0,0.0,69.0,36.0,645.0,17.92,6.0,0.0,0.0,6.0,138.1,0.0,43.0,0.0
Peyton Barber,RB,TAM,25.0,16.0,7.0,0.0,0.0,0.0,0.0,0.0,154.0,470.0,3.05,6.0,24.0,16.0,115.0,7.19,1.0,1.0,1.0,7.0,116.5,0.0,39.0,0.0
Jordan Howard,RB,PHI,25.0,10.0,4.0,0.0,0.0,0.0,0.0,0.0,119.0,525.0,4.41,6.0,14.0,10.0,69.0,6.9,1.0,0.0,0.0,7.0,111.4,0.0,38.0,0.0
Tyrell Williams,WR,OAK,27.0,14.0,12.0,0.0,0.0,0.0,0.0,0.0,0.0,0.0,0.0,0.0,64.0,42.0,651.0,15.5,6.0,0.0,0.0,6.0,143.1,0.0,44.0,0.0
Marquise Brown,WR,BAL,22.0,14.0,11.0,0.0,0.0,0.0,0.0,0.0,0.0,0.0,0.0,0.0,71.0,46.0,584.0,12.7,7.0,0.0,0.0,7.0,146.4,0.0,45.0,0.0
Randall Cobb,WR,DAL,29.0,15.0,6.0,0.0,1.0,0.0,0.0,0.0,3.0,11.0,3.67,0.0,83.0,55.0,828.0,15.05,3.0,2.0,1.0,3.0,154.9,0.0,47.0,0.0
Christian Kirk,WR,ARI,23.0,13.0,13.0,0.0,0.0,0.0,0.0,0.0,10.0,93.0,9.3,0.0,108.0,68.0,709.0,10.43,3.0,0.0,0.0,3.0,168.2,0.0,46.0,0.0
Royce Freeman,RB,DEN,23.0,16.0,0.0,0.0,0.0,0.0,0.0,0.0,132.0,496.0,3.76,3.0,50.0,43.0,256.0,5.95,1.0,0.0,0.0,4.0,142.2,0.0,40.0,0.0
Mecole Hardman*,WR,KAN,21.0,16.0,5.0,0.0,0.0,0.0,0.0,0.0,4.0,17.0,4.25,0.0,41.0,26.0,538.0,20.69,6.0,2.0,2.0,7.0,119.5,0.0,49.0,0.0
Zach Pascal,WR,IND,25.0,16.0,13.0,0.0,1.0,0.0,0.0,0.0,2.0,16.0,8.0,0.0,72.0,41.0,607.0,14.8,5.0,0.0,0.0,5.0,135.3,0.0,48.0,0.0
LeSean McCoy,RB,KAN,31.0,13.0,9.0,0.0,0.0,0.0,0.0,0.0,101.0,465.0,4.6,4.0,34.0,28.0,181.0,6.46,1.0,3.0,2.0,5.0,118.6,0.0,41.0,0.0
Dede Westbrook,WR,JAX,26.0,15.0,11.0,0.0,0.0,0.0,0.0,0.0,5.0,27.0,5.4,0.0,101.0,66.0,660.0,10.0,3.0,1.0,0.0,3.0,156.7,0.0,50.0,0.0
Teddy Bridgewater,QB,NOR,27.0,9.0,5.0,133.0,196.0,1384.0,9.0,2.0,28.0,31.0,1.11,0.0,0.0,0.0,0.0,0.0,0.0,1.0,0.0,0.0,90.5,0.0,32.0,0.0
James Washington,WR,PIT,23.0,15.0,10.0,0.0,0.0,0.0,0.0,0.0,0.0,0.0,0.0,0.0,80.0,44.0,735.0,16.7,3.0,1.0,1.0,3.0,133.5,0.0,51.0,0.0
Sammy Watkins,WR,KAN,26.0,14.0,13.0,0.0,0.0,0.0,0.0,0.0,2.0,12.0,6.0,0.0,90.0,52.0,673.0,12.94,3.0,2.0,1.0,3.0,138.5,0.0,52.0,0.0
Gus Edwards,RB,BAL,24.0,16.0,1.0,0.0,0.0,0.0,0.0,0.0,133.0,711.0,5.35,2.0,7.0,7.0,45.0,6.43,0.0,2.0,1.0,2.0,92.6,0.0,43.0,0.0
DeAndre Washington,RB,OAK,26.0,16.0,3.0,0.0,0.0,0.0,0.0,0.0,108.0,387.0,3.58,3.0,41.0,36.0,292.0,8.11,0.0,0.0,0.0,3.0,121.9,0.0,42.0,0.0
Tarik Cohen,RB,CHI,24.0,16.0,11.0,0.0,0.0,0.0,0.0,0.0,64.0,213.0,3.33,0.0,104.0,79.0,456.0,5.77,3.0,3.0,0.0,3.0,163.9,0.0,44.0,0.0
Joe Flacco,QB,DEN,34.0,8.0,8.0,171.0,262.0,1822.0,6.0,5.0,12.0,20.0,1.67,0.0,0.0,0.0,0.0,0.0,0.0,8.0,3.0,0.0,84.9,0.0,34.0,0.0
Will Fuller,WR,HOU,25.0,11.0,11.0,0.0,0.0,0.0,0.0,0.0,0.0,0.0,0.0,0.0,71.0,49.0,670.0,13.67,3.0,1.0,0.0,3.0,134.0,0.0,53.0,0.0
Marcus Mariota,QB,TEN,26.0,7.0,6.0,95.0,160.0,1203.0,7.0,2.0,24.0,129.0,5.38,0.0,0.0,0.0,0.0,0.0,0.0,3.0,0.0,0.0,85.0,0.0,33.0,0.0
Hunter Renfrow,WR,OAK,24.0,13.0,4.0,0.0,0.0,0.0,0.0,0.0,0.0,0.0,0.0,0.0,71.0,49.0,605.0,12.35,4.0,1.0,0.0,4.0,133.5,0.0,55.0,0.0
Sterling Shepard,WR,NYG,26.0,10.0,10.0,0.0,0.0,0.0,0.0,0.0,6.0,72.0,12.0,0.0,83.0,57.0,576.0,10.11,3.0,0.0,0.0,3.0,141.8,0.0,54.0,0.0
Matt Breida,RB,SFO,24.0,13.0,5.0,0.0,0.0,0.0,0.0,0.0,123.0,623.0,5.07,1.0,22.0,19.0,120.0,6.32,1.0,2.0,1.0,2.0,103.3,0.0,45.0,0.0
Adam Thielen,WR,MIN,29.0,10.0,10.0,0.0,0.0,0.0,0.0,0.0,4.0,6.0,1.5,1.0,48.0,30.0,418.0,13.93,6.0,0.0,0.0,7.0,114.4,0.0,56.0,0.0
Taysom Hill,QB,NOR,29.0,16.0,5.0,3.0,6.0,55.0,0.0,0.0,27.0,156.0,5.78,1.0,22.0,19.0,234.0,12.32,6.0,0.0,0.0,7.0,102.2,0.0,35.0,0.0
Frank Gore,RB,BUF,36.0,16.0,8.0,0.0,0.0,0.0,0.0,0.0,166.0,599.0,3.61,2.0,16.0,13.0,100.0,7.69,0.0,0.0,0.0,2.0,94.9,0.0,46.0,0.0
T.Y. Hilton,WR,IND,30.0,10.0,10.0,0.0,0.0,0.0,0.0,0.0,0.0,0.0,0.0,0.0,68.0,45.0,501.0,11.13,5.0,0.0,0.0,5.0,125.1,0.0,57.0,0.0
Kenny Stills,WR,HOU,27.0,13.0,5.0,0.0,0.0,0.0,0.0,0.0,0.0,0.0,0.0,0.0,55.0,40.0,561.0,14.03,4.0,0.0,0.0,4.0,120.1,0.0,58.0,0.0
Danny Amendola,WR,DET,34.0,15.0,10.0,1.0,1.0,19.0,1.0,0.0,0.0,0.0,0.0,0.0,97.0,62.0,678.0,10.94,1.0,0.0,0.0,1.0,140.6,0.0,60.0,0.0
Alshon Jeffery,WR,PHI,29.0,10.0,10.0,0.0,0.0,0.0,0.0,0.0,1.0,2.0,2.0,1.0,73.0,43.0,490.0,11.4,4.0,0.0,0.0,5.0,122.2,0.0,59.0,0.0
Dwayne Haskins,QB,WAS,22.0,9.0,7.0,119.0,203.0,1365.0,7.0,7.0,20.0,101.0,5.05,0.0,0.0,0.0,0.0,0.0,0.0,6.0,2.0,0.0,76.7,0.0,36.0,0.0
Brandin Cooks,WR,LAR,26.0,14.0,14.0,0.0,0.0,0.0,0.0,0.0,6.0,52.0,8.67,0.0,72.0,42.0,583.0,13.88,2.0,0.0,0.0,2.0,117.5,0.0,62.0,0.0
Darren Fells,TE,HOU,33.0,16.0,14.0,0.0,0.0,0.0,0.0,0.0,0.0,0.0,0.0,0.0,48.0,34.0,341.0,10.03,7.0,0.0,0.0,7.0,110.1,0.0,13.0,0.0
Anthony Miller,WR,CHI,25.0,16.0,7.0,0.0,0.0,0.0,0.0,0.0,1.0,-1.0,-1.0,0.0,85.0,52.0,656.0,12.62,2.0,1.0,1.0,2.0,127.5,0.0,63.0,0.0
Steven Sims,WR,WAS,22.0,16.0,2.0,0.0,1.0,0.0,0.0,0.0,9.0,85.0,9.44,1.0,56.0,34.0,310.0,9.12,4.0,1.0,0.0,6.0,109.5,0.0,61.0,0.0
Kerryon Johnson,RB,DET,22.0,8.0,7.0,0.0,0.0,0.0,0.0,0.0,113.0,403.0,3.57,3.0,15.0,10.0,127.0,12.7,1.0,1.0,1.0,4.0,85.0,0.0,47.0,0.0
Kyle Rudolph,TE,MIN,30.0,16.0,16.0,0.0,0.0,0.0,0.0,0.0,0.0,0.0,0.0,0.0,48.0,39.0,367.0,9.41,6.0,0.0,0.0,6.0,113.7,0.0,14.0,0.0
Rex Burkhead,RB,NWE,29.0,13.0,1.0,0.0,0.0,0.0,0.0,0.0,65.0,302.0,4.65,3.0,38.0,27.0,279.0,10.33,0.0,1.0,1.0,3.0,101.1,0.0,49.0,0.0
Nyheim Hines,RB,IND,23.0,16.0,2.0,0.0,0.0,0.0,0.0,0.0,52.0,199.0,3.83,2.0,58.0,44.0,320.0,7.27,0.0,1.0,1.0,4.0,117.9,0.0,50.0,0.0
Tony Pollard,RB,DAL,22.0,15.0,0.0,0.0,0.0,0.0,0.0,0.0,86.0,455.0,5.29,2.0,20.0,15.0,107.0,7.13,1.0,1.0,1.0,3.0,89.2,0.0,48.0,0.0
Boston Scott,RB,PHI,24.0,11.0,2.0,0.0,0.0,0.0,0.0,0.0,61.0,245.0,4.02,5.0,26.0,24.0,204.0,8.5,0.0,4.0,1.0,5.0,96.9,0.0,51.0,0.0
Corey Davis,WR,TEN,24.0,15.0,11.0,0.0,0.0,0.0,0.0,0.0,0.0,0.0,0.0,0.0,69.0,43.0,601.0,13.98,2.0,1.0,0.0,2.0,115.1,0.0,64.0,0.0
Phillip Dorsett,WR,NWE,26.0,14.0,4.0,0.0,0.0,0.0,0.0,0.0,3.0,21.0,7.0,0.0,54.0,29.0,397.0,13.69,5.0,0.0,0.0,5.0,100.8,0.0,65.0,0.0
Greg Olsen,TE,CAR,34.0,14.0,14.0,0.0,0.0,0.0,0.0,0.0,0.0,0.0,0.0,0.0,82.0,52.0,597.0,11.48,2.0,0.0,0.0,2.0,123.7,0.0,15.0,0.0
Chase Edmonds,RB,ARI,23.0,13.0,2.0,0.0,0.0,0.0,0.0,0.0,60.0,303.0,5.05,4.0,21.0,12.0,105.0,8.75,1.0,0.0,0.0,5.0,82.8,0.0,52.0,0.0
Noah Fant,TE,DEN,22.0,16.0,11.0,0.0,0.0,0.0,0.0,0.0,3.0,-12.0,-4.0,0.0,66.0,40.0,562.0,14.05,3.0,1.0,1.0,3.0,111.0,0.0,16.0,0.0
JuJu Smith-Schuster,WR,PIT,23.0,12.0,12.0,0.0,0.0,0.0,0.0,0.0,0.0,0.0,0.0,0.0,70.0,42.0,552.0,13.14,3.0,1.0,1.0,3.0,113.2,0.0,66.0,0.0
Jonnu Smith,TE,TEN,24.0,16.0,14.0,0.0,0.0,0.0,0.0,0.0,4.0,78.0,19.5,0.0,44.0,35.0,439.0,12.54,3.0,0.0,0.0,3.0,104.7,0.0,17.0,0.0
Jack Doyle*,TE,IND,29.0,16.0,16.0,0.0,0.0,0.0,0.0,0.0,0.0,0.0,0.0,0.0,72.0,43.0,448.0,10.42,4.0,1.0,0.0,4.0,111.8,0.0,18.0,0.0
Demarcus Robinson,WR,KAN,25.0,16.0,10.0,0.0,0.0,0.0,0.0,0.0,0.0,0.0,0.0,0.0,55.0,32.0,449.0,14.03,4.0,0.0,0.0,4.0,100.9,0.0,67.0,0.0
Kendrick Bourne,WR,SFO,24.0,16.0,0.0,0.0,0.0,0.0,0.0,0.0,0.0,0.0,0.0,0.0,44.0,30.0,358.0,11.93,5.0,0.0,0.0,5.0,97.8,0.0,69.0,0.0
Allen Lazard,WR,GNB,24.0,16.0,3.0,0.0,0.0,0.0,0.0,0.0,1.0,21.0,21.0,0.0,52.0,35.0,477.0,13.63,3.0,0.0,0.0,3.0,102.8,0.0,68.0,0.0
Drew Lock,QB,DEN,23.0,5.0,5.0,100.0,156.0,1020.0,7.0,3.0,18.0,72.0,4.0,0.0,0.0,0.0,0.0,0.0,0.0,3.0,1.0,0.0,68.0,0.0,37.0,0.0
Rashaad Penny,RB,SEA,23.0,10.0,0.0,0.0,0.0,0.0,0.0,0.0,65.0,370.0,5.69,3.0,11.0,8.0,83.0,10.38,1.0,1.0,1.0,4.0,75.3,0.0,53.0,0.0
John Ross,WR,CIN,25.0,8.0,8.0,0.0,0.0,0.0,0.0,0.0,3.0,4.0,1.33,0.0,56.0,28.0,506.0,18.07,3.0,1.0,1.0,3.0,95.0,0.0,70.0,0.0
Evan Engram,TE,NYG,25.0,8.0,6.0,0.0,0.0,0.0,0.0,0.0,3.0,7.0,2.33,0.0,68.0,44.0,467.0,10.61,3.0,0.0,0.0,3.0,109.4,0.0,19.0,0.0
Mohamed Sanu,WR,2TM,30.0,15.0,12.0,0.0,0.0,0.0,0.0,0.0,3.0,11.0,3.67,0.0,89.0,59.0,520.0,8.81,2.0,0.0,0.0,2.0,124.1,0.0,71.0,0.0
Tyler Eifert,TE,CIN,29.0,16.0,4.0,0.0,0.0,0.0,0.0,0.0,0.0,0.0,0.0,0.0,63.0,43.0,436.0,10.14,3.0,0.0,0.0,3.0,106.6,0.0,21.0,0.0
Ryan Griffin,TE,NYJ,29.0,13.0,13.0,0.0,0.0,0.0,0.0,0.0,0.0,0.0,0.0,0.0,41.0,34.0,320.0,9.41,5.0,0.0,0.0,5.0,98.0,0.0,20.0,0.0
Kareem Hunt,RB,CLE,24.0,8.0,3.0,0.0,0.0,0.0,0.0,0.0,43.0,179.0,4.16,2.0,44.0,37.0,285.0,7.7,1.0,1.0,0.0,3.0,101.4,0.0,54.0,0.0
Willie Snead,WR,BAL,27.0,16.0,11.0,0.0,0.0,0.0,0.0,0.0,2.0,2.0,1.0,0.0,46.0,31.0,339.0,10.94,5.0,0.0,0.0,5.0,95.1,0.0,72.0,0.0
Jimmy Graham,TE,GNB,33.0,16.0,10.0,0.0,0.0,0.0,0.0,0.0,0.0,0.0,0.0,0.0,60.0,38.0,447.0,11.76,3.0,1.0,0.0,3.0,100.7,0.0,22.0,0.0
Auden Tate,WR,CIN,22.0,12.0,10.0,0.0,0.0,0.0,0.0,0.0,0.0,0.0,0.0,0.0,80.0,40.0,575.0,14.38,1.0,1.0,1.0,1.0,101.5,0.0,73.0,0.0
Taylor Gabriel,WR,CHI,28.0,9.0,7.0,0.0,0.0,0.0,0.0,0.0,3.0,20.0,6.67,0.0,48.0,29.0,353.0,12.17,4.0,0.0,0.0,4.0,90.3,0.0,74.0,0.0
Preston Williams,WR,MIA,22.0,8.0,7.0,0.0,0.0,0.0,0.0,0.0,0.0,0.0,0.0,0.0,60.0,32.0,428.0,13.38,3.0,2.0,1.0,3.0,90.8,0.0,75.0,0.0
Alexander Mattison,RB,MIN,21.0,13.0,0.0,0.0,0.0,0.0,0.0,0.0,100.0,462.0,4.62,1.0,12.0,10.0,82.0,8.2,0.0,1.0,1.0,1.0,68.4,0.0,55.0,0.0
Marquez Valdes-Scantling,WR,GNB,25.0,16.0,10.0,0.0,0.0,0.0,0.0,0.0,2.0,9.0,4.5,0.0,56.0,26.0,452.0,17.38,2.0,0.0,0.0,2.0,84.1,0.0,76.0,0.0
Malcolm Brown,RB,LAR,26.0,14.0,1.0,0.0,0.0,0.0,0.0,0.0,69.0,255.0,3.7,5.0,6.0,2.0,16.0,8.0,0.0,0.0,0.0,5.0,59.1,0.0,58.0,0.0
Jeff Driskel,QB,DET,26.0,3.0,3.0,62.0,105.0,685.0,4.0,4.0,22.0,151.0,6.86,1.0,1.0,1.0,6.0,6.0,0.0,1.0,0.0,1.0,58.1,0.0,38.0,0.0
Brian Hill,RB,ATL,24.0,12.0,2.0,0.0,0.0,0.0,0.0,0.0,78.0,323.0,4.14,2.0,14.0,10.0,69.0,6.9,1.0,0.0,0.0,3.0,67.2,0.0,57.0,0.0
Jaylen Samuels,RB,PIT,23.0,14.0,4.0,4.0,5.0,35.0,0.0,1.0,66.0,175.0,2.65,1.0,57.0,47.0,305.0,6.49,1.0,1.0,1.0,2.0,104.4,0.0,56.0,0.0
Tajae Sharpe,WR,TEN,25.0,15.0,6.0,0.0,0.0,0.0,0.0,0.0,0.0,0.0,0.0,0.0,35.0,25.0,329.0,13.16,4.0,0.0,0.0,4.0,81.9,0.0,77.0,0.0
Eric Ebron,TE,IND,26.0,11.0,2.0,0.0,0.0,0.0,0.0,0.0,0.0,0.0,0.0,0.0,52.0,31.0,375.0,12.1,3.0,0.0,0.0,3.0,86.5,0.0,23.0,0.0
Ted Ginn,WR,NOR,34.0,16.0,9.0,0.0,0.0,0.0,0.0,0.0,3.0,18.0,6.0,0.0,56.0,30.0,421.0,14.03,2.0,0.0,0.0,2.0,85.9,0.0,78.0,0.0
Nelson Agholor,WR,PHI,26.0,11.0,10.0,0.0,0.0,0.0,0.0,0.0,2.0,7.0,3.5,0.0,69.0,39.0,363.0,9.31,3.0,2.0,1.0,3.0,94.0,0.0,79.0,0.0
Cameron Brate,TE,TAM,28.0,16.0,6.0,0.0,0.0,0.0,0.0,0.0,0.0,0.0,0.0,0.0,55.0,36.0,311.0,8.64,4.0,0.0,0.0,4.0,91.1,0.0,24.0,0.0
Keelan Cole,WR,JAX,26.0,16.0,1.0,0.0,0.0,0.0,0.0,0.0,1.0,6.0,6.0,0.0,35.0,24.0,361.0,15.04,3.0,0.0,0.0,3.0,78.7,0.0,80.0,0.0
Blake Jarwin,TE,DAL,25.0,16.0,7.0,0.0,0.0,0.0,0.0,0.0,0.0,0.0,0.0,0.0,41.0,31.0,365.0,11.77,3.0,1.0,0.0,3.0,85.5,0.0,25.0,0.0
Benny Snell,RB,PIT,21.0,13.0,2.0,0.0,0.0,0.0,0.0,0.0,108.0,426.0,3.94,2.0,4.0,3.0,23.0,7.67,0.0,1.0,1.0,2.0,57.9,0.0,59.0,0.0
Jordan Akins,TE,HOU,27.0,16.0,9.0,0.0,0.0,0.0,0.0,0.0,0.0,0.0,0.0,0.0,55.0,36.0,418.0,11.61,2.0,0.0,0.0,2.0,89.8,0.0,26.0,0.0
David Blough,QB,DET,24.0,5.0,5.0,94.0,174.0,984.0,4.0,6.0,8.0,31.0,3.88,0.0,1.0,1.0,19.0,19.0,1.0,1.0,0.0,1.0,55.4,0.0,40.0,0.0
Eli Manning,QB,NYG,38.0,4.0,4.0,91.0,147.0,1042.0,6.0,5.0,4.0,7.0,1.75,0.0,0.0,0.0,0.0,0.0,0.0,3.0,1.0,0.0,54.4,0.0,39.0,0.0
Alex Erickson,WR,CIN,27.0,16.0,6.0,1.0,1.0,26.0,0.0,0.0,5.0,33.0,6.6,0.0,78.0,43.0,529.0,12.3,0.0,4.0,2.0,0.0,96.2,0.0,82.0,0.0
Gerald Everett,TE,LAR,25.0,13.0,2.0,0.0,0.0,0.0,0.0,0.0,1.0,0.0,0.0,0.0,60.0,37.0,408.0,11.03,2.0,0.0,0.0,2.0,89.8,0.0,28.0,0.0
Jacob Hollister,TE,SEA,26.0,11.0,3.0,0.0,0.0,0.0,0.0,0.0,0.0,0.0,0.0,0.0,59.0,41.0,349.0,8.51,3.0,0.0,0.0,3.0,93.9,0.0,27.0,0.0
Tre'Quan Smith,WR,NOR,23.0,11.0,6.0,0.0,0.0,0.0,0.0,0.0,0.0,0.0,0.0,0.0,25.0,18.0,234.0,13.0,5.0,0.0,0.0,5.0,71.4,0.0,81.0,0.0
Darrel Williams,RB,KAN,24.0,12.0,0.0,0.0,0.0,0.0,0.0,0.0,41.0,141.0,3.44,3.0,19.0,15.0,167.0,11.13,1.0,1.0,1.0,4.0,67.8,0.0,60.0,0.0
Allen Hurns,WR,MIA,28.0,14.0,7.0,0.0,0.0,0.0,0.0,0.0,0.0,0.0,0.0,0.0,47.0,32.0,416.0,13.0,2.0,1.0,1.0,2.0,83.6,0.0,83.0,0.0
Dawson Knox,TE,BUF,23.0,15.0,11.0,0.0,0.0,0.0,0.0,0.0,1.0,9.0,9.0,0.0,50.0,28.0,388.0,13.86,2.0,0.0,0.0,2.0,79.7,0.0,29.0,0.0
Chris Thompson,RB,WAS,29.0,11.0,0.0,0.0,0.0,0.0,0.0,0.0,37.0,138.0,3.73,0.0,58.0,42.0,378.0,9.0,0.0,1.0,0.0,0.0,93.6,0.0,61.0,0.0
Will Dissly,TE,SEA,23.0,6.0,6.0,0.0,0.0,0.0,0.0,0.0,1.0,7.0,7.0,0.0,27.0,23.0,262.0,11.39,4.0,1.0,0.0,4.0,73.9,0.0,30.0,0.0
Devlin Hodges,QB,PIT,23.0,8.0,6.0,100.0,160.0,1063.0,5.0,8.0,21.0,68.0,3.24,0.0,0.0,0.0,0.0,0.0,0.0,5.0,1.0,0.0,51.3,0.0,41.0,0.0
Russell Gage,WR,ATL,23.0,16.0,4.0,0.0,0.0,0.0,0.0,0.0,4.0,12.0,3.0,0.0,74.0,49.0,446.0,9.1,1.0,1.0,1.0,1.0,98.8,0.0,84.0,0.0
Derrius Guice,RB,WAS,22.0,5.0,1.0,0.0,0.0,0.0,0.0,0.0,42.0,245.0,5.83,2.0,9.0,7.0,79.0,11.29,1.0,0.0,0.0,3.0,57.4,0.0,62.0,0.0
O.J. Howard,TE,TAM,25.0,14.0,14.0,0.0,0.0,0.0,0.0,0.0,0.0,0.0,0.0,0.0,53.0,34.0,459.0,13.5,1.0,1.0,1.0,1.0,83.9,0.0,31.0,0.0
Adam Humphries,WR,TEN,26.0,12.0,3.0,0.0,0.0,0.0,0.0,0.0,1.0,1.0,1.0,0.0,47.0,37.0,374.0,10.11,2.0,1.0,0.0,2.0,86.5,0.0,85.0,0.0
J.D. McKissic,RB,DET,26.0,16.0,3.0,0.0,0.0,0.0,0.0,0.0,38.0,205.0,5.39,0.0,42.0,34.0,233.0,6.85,1.0,0.0,0.0,1.0,83.8,0.0,63.0,0.0
T.J. Hockenson,TE,DET,22.0,12.0,7.0,0.0,0.0,0.0,0.0,0.0,0.0,0.0,0.0,0.0,59.0,32.0,367.0,11.47,2.0,0.0,0.0,2.0,80.7,0.0,32.0,0.0
Demaryius Thomas,WR,NYJ,32.0,11.0,10.0,0.0,0.0,0.0,0.0,0.0,0.0,0.0,0.0,0.0,58.0,36.0,433.0,12.03,1.0,0.0,0.0,1.0,85.3,0.0,86.0,0.0
Olabisi Johnson,WR,MIN,22.0,16.0,6.0,0.0,0.0,0.0,0.0,0.0,1.0,6.0,6.0,0.0,45.0,31.0,294.0,9.48,3.0,0.0,0.0,3.0,79.0,0.0,87.0,0.0
Mike Boone,RB,MIN,24.0,16.0,2.0,0.0,0.0,0.0,0.0,0.0,49.0,273.0,5.57,3.0,4.0,3.0,17.0,5.67,0.0,0.0,0.0,3.0,50.0,0.0,65.0,0.0
Josh Gordon,WR,2TM,28.0,11.0,7.0,0.0,1.0,0.0,0.0,1.0,1.0,1.0,1.0,0.0,47.0,27.0,426.0,15.78,1.0,0.0,0.0,1.0,73.7,0.0,88.0,0.0
Hayden Hurst,TE,BAL,26.0,16.0,4.0,0.0,0.0,0.0,0.0,0.0,0.0,0.0,0.0,0.0,39.0,30.0,349.0,11.63,2.0,0.0,0.0,2.0,76.9,0.0,34.0,0.0
Foster Moreau,TE,OAK,22.0,13.0,7.0,0.0,0.0,0.0,0.0,0.0,0.0,0.0,0.0,0.0,25.0,21.0,174.0,8.29,5.0,0.0,0.0,5.0,68.4,0.0,33.0,0.0
Jalen Richard,RB,OAK,26.0,16.0,0.0,0.0,0.0,0.0,0.0,0.0,39.0,145.0,3.72,0.0,43.0,36.0,323.0,8.97,0.0,2.0,0.0,0.0,82.8,0.0,66.0,0.0
Jordan Wilkins,RB,IND,25.0,14.0,1.0,0.0,0.0,0.0,0.0,0.0,51.0,307.0,6.02,2.0,11.0,7.0,43.0,6.14,0.0,0.0,0.0,2.0,54.0,0.0,64.0,0.0
Vance McDonald,TE,PIT,29.0,14.0,14.0,0.0,0.0,0.0,0.0,0.0,1.0,2.0,2.0,0.0,55.0,38.0,273.0,7.18,3.0,1.0,0.0,3.0,83.5,0.0,35.0,0.0
Albert Wilson,WR,MIA,27.0,13.0,4.0,1.0,2.0,20.0,0.0,0.0,5.0,45.0,9.0,0.0,62.0,43.0,351.0,8.16,1.0,0.0,0.0,1.0,89.4,0.0,89.0,0.0
Patrick Laird,RB,MIA,24.0,15.0,4.0,0.0,0.0,0.0,0.0,0.0,62.0,168.0,2.71,1.0,30.0,23.0,204.0,8.87,0.0,0.0,0.0,1.0,68.2,0.0,67.0,0.0
Ricky Seals-Jones,TE,CLE,24.0,14.0,3.0,0.0,0.0,0.0,0.0,0.0,0.0,0.0,0.0,0.0,22.0,14.0,229.0,16.36,4.0,1.0,1.0,4.0,58.9,0.0,36.0,0.0
Kaden Smith,TE,NYG,22.0,9.0,6.0,0.0,0.0,0.0,0.0,0.0,0.0,0.0,0.0,0.0,42.0,31.0,268.0,8.65,3.0,2.0,0.0,3.0,75.8,0.0,37.0,0.0
Nick Boyle,TE,BAL,26.0,16.0,15.0,0.0,0.0,0.0,0.0,0.0,0.0,0.0,0.0,0.0,43.0,31.0,321.0,10.35,2.0,0.0,0.0,2.0,75.1,0.0,38.0,0.0
Jeff Wilson,RB,SFO,24.0,10.0,0.0,0.0,0.0,0.0,0.0,0.0,27.0,105.0,3.89,4.0,5.0,3.0,34.0,11.33,1.0,0.0,0.0,5.0,46.9,0.0,68.0,0.0
David Moore,WR,SEA,24.0,14.0,1.0,0.0,0.0,0.0,0.0,0.0,3.0,25.0,8.33,0.0,34.0,17.0,301.0,17.71,2.0,2.0,1.0,2.0,59.6,0.0,90.0,0.0
Irv Smith,TE,MIN,21.0,16.0,7.0,0.0,0.0,0.0,0.0,0.0,0.0,0.0,0.0,0.0,47.0,36.0,311.0,8.64,2.0,1.0,0.0,2.0,79.1,0.0,39.0,0.0
Brandon Bolden,RB,NWE,29.0,15.0,2.0,0.0,0.0,0.0,0.0,0.0,15.0,68.0,4.53,3.0,11.0,9.0,111.0,12.33,1.0,0.0,0.0,4.0,50.9,0.0,70.0,0.0
Justice Hill,RB,BAL,22.0,16.0,0.0,0.0,0.0,0.0,0.0,0.0,58.0,225.0,3.88,2.0,15.0,8.0,70.0,8.75,0.0,0.0,0.0,2.0,49.5,0.0,71.0,0.0
Cody Latimer,WR,NYG,27.0,15.0,10.0,0.0,0.0,0.0,0.0,0.0,0.0,0.0,0.0,0.0,42.0,24.0,300.0,12.5,2.0,0.0,0.0,2.0,66.0,0.0,91.0,0.0
Matt Moore,QB,KAN,35.0,6.0,2.0,59.0,91.0,659.0,4.0,0.0,5.0,-1.0,-0.2,0.0,0.0,0.0,0.0,0.0,0.0,2.0,0.0,0.0,42.3,0.0,42.0,0.0
Bo Scarbrough,RB,DET,23.0,6.0,5.0,0.0,0.0,0.0,0.0,0.0,89.0,377.0,4.24,1.0,4.0,1.0,5.0,5.0,0.0,1.0,1.0,1.0,43.2,0.0,69.0,0.0
Geronimo Allison,WR,GNB,25.0,16.0,6.0,0.0,0.0,0.0,0.0,0.0,1.0,7.0,7.0,0.0,55.0,34.0,287.0,8.44,2.0,2.0,1.0,2.0,75.4,0.0,92.0,0.0
Josh Hill,TE,NOR,29.0,16.0,11.0,0.0,0.0,0.0,0.0,0.0,0.0,0.0,0.0,0.0,35.0,25.0,226.0,9.04,3.0,0.0,0.0,3.0,65.6,0.0,40.0,0.0
Dion Lewis,RB,TEN,29.0,16.0,1.0,0.0,0.0,0.0,0.0,0.0,54.0,209.0,3.87,0.0,32.0,25.0,164.0,6.56,1.0,1.0,1.0,1.0,66.3,0.0,72.0,0.0
Josh Reynolds,WR,LAR,24.0,16.0,2.0,0.0,0.0,0.0,0.0,0.0,5.0,23.0,4.6,0.0,43.0,21.0,326.0,15.52,1.0,0.0,0.0,1.0,61.9,0.0,93.0,0.0
Damiere Byrd,WR,ARI,26.0,11.0,3.0,0.0,0.0,0.0,0.0,0.0,0.0,0.0,0.0,0.0,46.0,32.0,359.0,11.22,1.0,1.0,1.0,1.0,71.9,0.0,94.0,0.0
Marcus Johnson,WR,IND,25.0,8.0,6.0,0.0,0.0,0.0,0.0,0.0,0.0,0.0,0.0,0.0,33.0,17.0,277.0,16.29,2.0,0.0,0.0,2.0,56.7,0.0,95.0,0.0
Dare Ogunbowale,RB,TAM,25.0,16.0,0.0,0.0,0.0,0.0,0.0,0.0,11.0,17.0,1.55,2.0,46.0,35.0,286.0,8.17,0.0,2.0,1.0,2.0,75.3,0.0,73.0,0.0
Seth Roberts,WR,BAL,28.0,16.0,0.0,0.0,0.0,0.0,0.0,0.0,0.0,0.0,0.0,0.0,35.0,21.0,271.0,12.9,2.0,0.0,0.0,2.0,60.1,0.0,96.0,0.0
Kalen Ballage,RB,MIA,24.0,12.0,6.0,0.0,0.0,0.0,0.0,0.0,74.0,135.0,1.82,3.0,24.0,14.0,63.0,4.5,0.0,0.0,0.0,3.0,51.8,0.0,75.0,0.0
Giovani Bernard,RB,CIN,28.0,16.0,2.0,0.0,0.0,0.0,0.0,0.0,53.0,170.0,3.21,0.0,43.0,30.0,234.0,7.8,0.0,2.0,1.0,0.0,68.4,0.0,74.0,0.0
Miles Boykin,WR,BAL,23.0,16.0,11.0,0.0,0.0,0.0,0.0,0.0,0.0,0.0,0.0,0.0,22.0,13.0,198.0,15.23,3.0,0.0,0.0,3.0,50.8,0.0,97.0,0.0
Nick Foles,QB,JAX,30.0,4.0,4.0,77.0,117.0,736.0,3.0,2.0,4.0,23.0,5.75,0.0,0.0,0.0,0.0,0.0,0.0,2.0,2.0,0.0,37.7,0.0,43.0,0.0
Ryquell Armstead,RB,JAX,23.0,16.0,1.0,0.0,0.0,0.0,0.0,0.0,35.0,108.0,3.09,0.0,24.0,14.0,144.0,10.29,2.0,0.0,0.0,2.0,51.2,0.0,76.0,0.0
Wayne Gallman,RB,NYG,25.0,10.0,2.0,0.0,0.0,0.0,0.0,0.0,29.0,110.0,3.79,2.0,15.0,11.0,102.0,9.27,1.0,1.0,1.0,3.0,48.2,0.0,77.0,0.0
Kelvin Harmon,WR,WAS,23.0,16.0,8.0,1.0,1.0,11.0,0.0,0.0,0.0,0.0,0.0,0.0,44.0,30.0,365.0,12.17,0.0,0.0,0.0,0.0,66.9,0.0,98.0,0.0
Paul Richardson,WR,WAS,27.0,10.0,6.0,0.0,0.0,0.0,0.0,0.0,1.0,0.0,0.0,0.0,42.0,28.0,245.0,8.75,2.0,0.0,0.0,2.0,64.5,0.0,99.0,0.0
DaeSean Hamilton,WR,DEN,24.0,16.0,2.0,0.0,0.0,0.0,0.0,0.0,0.0,0.0,0.0,0.0,52.0,28.0,297.0,10.61,1.0,0.0,0.0,1.0,63.7,0.0,102.0,0.0
Ty Johnson,RB,DET,22.0,16.0,1.0,0.0,0.0,0.0,0.0,0.0,63.0,273.0,4.33,0.0,31.0,24.0,109.0,4.54,0.0,1.0,1.0,0.0,60.2,0.0,78.0,0.0
Isaiah McKenzie,WR,BUF,24.0,15.0,8.0,0.0,0.0,0.0,0.0,0.0,8.0,49.0,6.13,0.0,39.0,27.0,254.0,9.41,1.0,0.0,0.0,1.0,63.3,0.0,100.0,0.0
Jakobi Meyers,WR,NWE,23.0,15.0,1.0,0.0,0.0,0.0,0.0,0.0,0.0,0.0,0.0,0.0,41.0,26.0,359.0,13.81,0.0,0.0,0.0,0.0,61.9,0.0,101.0,0.0
C.J. Uzomah,TE,CIN,26.0,16.0,16.0,0.0,0.0,0.0,0.0,0.0,0.0,0.0,0.0,0.0,40.0,27.0,242.0,8.96,2.0,0.0,0.0,2.0,63.2,0.0,41.0,0.0
Demetrius Harris,TE,CLE,28.0,15.0,6.0,0.0,0.0,0.0,0.0,0.0,0.0,0.0,0.0,0.0,27.0,15.0,149.0,9.93,3.0,0.0,0.0,3.0,49.9,0.0,42.0,0.0
Jonathan Williams,RB,IND,25.0,9.0,1.0,0.0,0.0,0.0,0.0,0.0,49.0,235.0,4.8,1.0,5.0,5.0,59.0,11.8,0.0,0.0,0.0,1.0,40.4,0.0,79.0,0.0
Tavon Austin,WR,DAL,29.0,14.0,0.0,0.0,0.0,0.0,0.0,0.0,6.0,47.0,7.83,1.0,24.0,13.0,177.0,13.62,1.0,1.0,0.0,2.0,47.4,0.0,103.0,0.0
Delanie Walker,TE,TEN,35.0,7.0,4.0,0.0,0.0,0.0,0.0,0.0,0.0,0.0,0.0,0.0,31.0,21.0,215.0,10.24,2.0,1.0,0.0,2.0,54.5,0.0,43.0,0.0
Brandon Allen,QB,DEN,27.0,3.0,3.0,39.0,84.0,515.0,3.0,2.0,10.0,39.0,3.9,0.0,0.0,0.0,0.0,0.0,0.0,0.0,0.0,0.0,32.5,0.0,45.0,0.0
Marvin Hall,WR,DET,26.0,9.0,0.0,0.0,0.0,0.0,0.0,0.0,1.0,7.0,7.0,0.0,11.0,7.0,261.0,37.29,1.0,0.0,0.0,1.0,39.8,0.0,104.0,0.0
Matt Schaub,QB,ATL,38.0,6.0,1.0,50.0,67.0,580.0,3.0,1.0,3.0,-3.0,-1.0,0.0,0.0,0.0,0.0,0.0,0.0,1.0,1.0,0.0,32.9,0.0,44.0,0.0
Jaron Brown,WR,SEA,29.0,14.0,4.0,0.0,0.0,0.0,0.0,0.0,0.0,0.0,0.0,0.0,28.0,16.0,220.0,13.75,2.0,1.0,1.0,2.0,48.0,0.0,105.0,0.0
Vyncint Smith,WR,NYJ,23.0,13.0,4.0,0.0,0.0,0.0,0.0,0.0,3.0,52.0,17.33,1.0,31.0,17.0,225.0,13.24,0.0,1.0,1.0,1.0,48.7,0.0,107.0,0.0
Greg Ward,WR,PHI,24.0,7.0,3.0,0.0,0.0,0.0,0.0,0.0,1.0,5.0,5.0,0.0,40.0,28.0,254.0,9.07,1.0,0.0,0.0,1.0,59.9,0.0,106.0,0.0
Pharoh Cooper,WR,2TM,24.0,13.0,1.0,0.0,0.0,0.0,0.0,0.0,1.0,2.0,2.0,0.0,33.0,25.0,243.0,9.72,1.0,0.0,0.0,1.0,55.5,0.0,109.0,0.0
Keke Coutee,WR,HOU,22.0,9.0,4.0,0.0,0.0,0.0,0.0,0.0,2.0,14.0,7.0,1.0,36.0,22.0,254.0,11.55,0.0,1.0,1.0,1.0,52.8,0.0,108.0,0.0
Kyle Juszczyk*,RB,SFO,28.0,12.0,12.0,0.0,0.0,0.0,0.0,0.0,3.0,7.0,2.33,0.0,24.0,20.0,239.0,11.95,1.0,0.0,0.0,1.0,50.6,0.0,80.0,0.0
Malik Turner,WR,SEA,23.0,15.0,3.0,0.0,0.0,0.0,0.0,0.0,0.0,0.0,0.0,0.0,22.0,15.0,245.0,16.33,1.0,0.0,0.0,1.0,45.5,0.0,110.0,0.0
Charles Clay,TE,ARI,30.0,15.0,10.0,0.0,0.0,0.0,0.0,0.0,0.0,0.0,0.0,0.0,24.0,18.0,237.0,13.17,1.0,0.0,0.0,1.0,47.7,0.0,45.0,0.0
Qadree Ollison,RB,ATL,23.0,8.0,0.0,0.0,0.0,0.0,0.0,0.0,22.0,50.0,2.27,4.0,2.0,1.0,7.0,7.0,0.0,1.0,0.0,4.0,30.7,0.0,81.0,0.0
Chester Rogers,WR,IND,25.0,12.0,6.0,0.0,0.0,0.0,0.0,0.0,1.0,18.0,18.0,0.0,28.0,16.0,179.0,11.19,2.0,2.0,1.0,2.0,45.7,0.0,111.0,0.0
Jeremy Sprinkle,TE,WAS,25.0,16.0,13.0,0.0,0.0,0.0,0.0,0.0,0.0,0.0,0.0,0.0,40.0,26.0,241.0,9.27,1.0,1.0,0.0,1.0,56.1,0.0,44.0,0.0
Jarius Wright,WR,CAR,30.0,16.0,9.0,0.0,0.0,0.0,0.0,0.0,1.0,-7.0,-7.0,0.0,58.0,28.0,296.0,10.57,0.0,0.0,0.0,0.0,56.9,0.0,112.0,0.0
DeSean Jackson,WR,PHI,33.0,3.0,3.0,0.0,0.0,0.0,0.0,0.0,0.0,0.0,0.0,0.0,10.0,9.0,159.0,17.67,2.0,0.0,0.0,2.0,36.9,0.0,113.0,0.0
Jake Kumerow,WR,GNB,27.0,14.0,4.0,0.0,0.0,0.0,0.0,0.0,0.0,0.0,0.0,0.0,21.0,12.0,219.0,18.25,1.0,0.0,0.0,1.0,39.9,0.0,115.0,0.0
Scott Miller,WR,TAM,22.0,10.0,2.0,0.0,0.0,0.0,0.0,0.0,2.0,16.0,8.0,0.0,26.0,13.0,200.0,15.38,1.0,0.0,0.0,1.0,40.6,0.0,116.0,0.0
Justin Watson,WR,TAM,24.0,16.0,2.0,0.0,0.0,0.0,0.0,0.0,0.0,0.0,0.0,0.0,26.0,15.0,159.0,10.6,2.0,0.0,0.0,2.0,42.9,0.0,114.0,0.0
Jakeem Grant,WR,MIA,27.0,10.0,2.0,0.0,0.0,0.0,0.0,0.0,4.0,5.0,1.25,1.0,33.0,19.0,164.0,8.63,0.0,2.0,1.0,2.0,45.9,0.0,118.0,0.0
N'Keal Harry,WR,NWE,22.0,7.0,5.0,0.0,0.0,0.0,0.0,0.0,5.0,49.0,9.8,0.0,24.0,12.0,105.0,8.75,2.0,0.0,0.0,2.0,39.4,0.0,117.0,0.0
James O'Shaughnessy,TE,JAX,27.0,5.0,5.0,0.0,0.0,0.0,0.0,0.0,0.0,0.0,0.0,0.0,20.0,14.0,153.0,10.93,2.0,0.0,0.0,2.0,41.3,0.0,46.0,0.0
Mark Walton,RB,MIA,22.0,7.0,4.0,0.0,0.0,0.0,0.0,0.0,53.0,201.0,3.79,0.0,21.0,15.0,89.0,5.93,0.0,1.0,1.0,0.0,42.0,0.0,82.0,0.0
Chase Daniel,QB,CHI,33.0,3.0,1.0,45.0,64.0,435.0,3.0,2.0,6.0,6.0,1.0,0.0,0.0,0.0,0.0,0.0,0.0,0.0,0.0,0.0,26.0,0.0,46.0,0.0
Anthony Firkser,TE,TEN,24.0,15.0,1.0,0.0,0.0,0.0,0.0,0.0,0.0,0.0,0.0,0.0,24.0,14.0,204.0,14.57,1.0,0.0,0.0,1.0,40.4,0.0,47.0,0.0
Isaiah Ford,WR,MIA,23.0,8.0,0.0,0.0,0.0,0.0,0.0,0.0,1.0,11.0,11.0,0.0,35.0,23.0,244.0,10.61,0.0,0.0,0.0,0.0,48.5,0.0,123.0,0.0
Marquise Goodwin,WR,SFO,29.0,9.0,6.0,0.0,0.0,0.0,0.0,0.0,1.0,15.0,15.0,0.0,21.0,12.0,186.0,15.5,1.0,0.0,0.0,1.0,38.1,0.0,120.0,0.0
Dontrell Hilliard,RB,CLE,24.0,14.0,0.0,0.0,0.0,0.0,0.0,0.0,13.0,49.0,3.77,2.0,15.0,12.0,92.0,7.67,0.0,2.0,0.0,2.0,38.1,0.0,84.0,0.0
Andy Isabella,WR,ARI,23.0,15.0,1.0,0.0,0.0,0.0,0.0,0.0,4.0,15.0,3.75,0.0,13.0,9.0,189.0,21.0,1.0,0.0,0.0,1.0,35.4,0.0,119.0,0.0
Bilal Powell,RB,NYJ,31.0,13.0,1.0,0.0,1.0,0.0,0.0,0.0,59.0,229.0,3.88,0.0,12.0,7.0,33.0,4.71,0.0,0.0,0.0,0.0,33.2,0.0,83.0,0.0
Trey Quinn,WR,WAS,24.0,12.0,6.0,0.0,0.0,0.0,0.0,0.0,0.0,0.0,0.0,0.0,47.0,26.0,198.0,7.62,1.0,1.0,1.0,1.0,51.8,0.0,122.0,0.0
Damion Ratley,WR,CLE,24.0,13.0,3.0,0.0,0.0,0.0,0.0,0.0,0.0,0.0,0.0,0.0,24.0,12.0,200.0,16.67,1.0,0.0,0.0,1.0,38.0,0.0,121.0,0.0
Maxx Williams,TE,ARI,25.0,16.0,10.0,0.0,0.0,0.0,0.0,0.0,0.0,0.0,0.0,0.0,19.0,15.0,202.0,13.47,1.0,0.0,0.0,1.0,41.2,0.0,48.0,0.0
Dan Arnold,TE,2TM,24.0,5.0,1.0,0.0,0.0,0.0,0.0,0.0,0.0,0.0,0.0,0.0,14.0,8.0,127.0,15.88,2.0,0.0,0.0,2.0,32.7,0.0,49.0,0.0
Ryan Finley,QB,CIN,25.0,3.0,3.0,41.0,87.0,474.0,2.0,2.0,10.0,77.0,7.7,0.0,0.0,0.0,0.0,0.0,0.0,4.0,3.0,0.0,24.7,0.0,47.0,0.0
KeeSean Johnson,WR,ARI,23.0,10.0,4.0,0.0,0.0,0.0,0.0,0.0,1.0,3.0,3.0,0.0,42.0,21.0,187.0,8.9,1.0,1.0,1.0,1.0,46.0,0.0,124.0,0.0
Cordarrelle Patterson*+,WR,CHI,28.0,16.0,4.0,0.0,0.0,0.0,0.0,0.0,17.0,103.0,6.06,0.0,17.0,11.0,83.0,7.55,0.0,0.0,0.0,1.0,35.6,0.0,125.0,0.0
Ito Smith,RB,ATL,24.0,7.0,0.0,0.0,0.0,0.0,0.0,0.0,22.0,106.0,4.82,1.0,14.0,11.0,87.0,7.91,0.0,0.0,0.0,1.0,36.3,0.0,85.0,0.0
Javon Wims,WR,CHI,25.0,16.0,6.0,0.0,0.0,0.0,0.0,0.0,0.0,0.0,0.0,0.0,39.0,18.0,186.0,10.33,1.0,0.0,0.0,1.0,42.6,0.0,126.0,0.0
Ameer Abdullah,RB,MIN,26.0,16.0,0.0,0.0,0.0,0.0,0.0,0.0,23.0,115.0,5.0,0.0,21.0,15.0,88.0,5.87,1.0,1.0,1.0,1.0,39.3,0.0,87.0,0.0
Myles Gaskin,RB,MIA,22.0,7.0,0.0,0.0,0.0,0.0,0.0,0.0,36.0,133.0,3.69,1.0,12.0,7.0,51.0,7.29,0.0,0.0,0.0,1.0,31.4,0.0,86.0,0.0
Dante Pettis,WR,SFO,24.0,11.0,4.0,1.0,1.0,16.0,0.0,0.0,0.0,0.0,0.0,0.0,24.0,11.0,109.0,9.91,2.0,0.0,0.0,2.0,34.5,0.0,128.0,0.0
Laquon Treadwell,WR,MIN,24.0,13.0,1.0,0.0,0.0,0.0,0.0,0.0,0.0,0.0,0.0,0.0,16.0,9.0,184.0,20.44,1.0,0.0,0.0,1.0,33.4,0.0,127.0,0.0
Olamide Zaccheaus,WR,ATL,22.0,10.0,0.0,0.0,0.0,0.0,0.0,0.0,0.0,0.0,0.0,0.0,5.0,3.0,115.0,38.33,1.0,0.0,0.0,2.0,26.5,0.0,129.0,0.0
JJ Arcega-Whiteside,WR,PHI,23.0,16.0,5.0,0.0,0.0,0.0,0.0,0.0,0.0,0.0,0.0,0.0,22.0,10.0,169.0,16.9,1.0,0.0,0.0,1.0,32.9,0.0,132.0,0.0
Reggie Bonnafon,RB,CAR,23.0,16.0,0.0,0.0,0.0,0.0,0.0,0.0,16.0,116.0,7.25,1.0,9.0,6.0,57.0,9.5,0.0,0.0,0.0,1.0,29.3,0.0,88.0,0.0
Rhett Ellison,TE,NYG,31.0,10.0,7.0,0.0,0.0,0.0,0.0,0.0,0.0,0.0,0.0,0.0,28.0,18.0,167.0,9.28,1.0,0.0,0.0,1.0,40.7,0.0,51.0,0.0
Bennie Fowler,WR,NYG,28.0,8.0,2.0,0.0,0.0,0.0,0.0,0.0,1.0,20.0,20.0,0.0,36.0,23.0,193.0,8.39,0.0,0.0,0.0,0.0,46.3,0.0,130.0,0.0
Byron Pringle,WR,KAN,26.0,16.0,0.0,0.0,0.0,0.0,0.0,0.0,0.0,0.0,0.0,0.0,16.0,12.0,170.0,14.17,1.0,0.0,0.0,1.0,35.0,0.0,131.0,0.0
Darwin Thompson,RB,KAN,23.0,12.0,0.0,0.0,0.0,0.0,0.0,0.0,37.0,128.0,3.46,1.0,10.0,9.0,43.0,4.78,0.0,0.0,0.0,1.0,32.1,0.0,89.0,0.0
Logan Thomas,TE,DET,28.0,16.0,3.0,0.0,0.0,0.0,0.0,0.0,0.0,0.0,0.0,0.0,28.0,16.0,173.0,10.81,1.0,0.0,0.0,1.0,39.3,0.0,50.0,0.0
Duke Williams,WR,BUF,26.0,4.0,3.0,0.0,0.0,0.0,0.0,0.0,0.0,0.0,0.0,0.0,19.0,12.0,166.0,13.83,1.0,0.0,0.0,1.0,34.6,0.0,133.0,0.0
Justin Jackson,RB,LAC,24.0,7.0,0.0,0.0,0.0,0.0,0.0,0.0,29.0,200.0,6.9,0.0,11.0,9.0,22.0,2.44,0.0,0.0,0.0,0.0,31.2,0.0,90.0,0.0
Zay Jones,WR,2TM,24.0,15.0,9.0,0.0,0.0,0.0,0.0,0.0,1.0,3.0,3.0,0.0,45.0,27.0,216.0,8.0,0.0,0.0,0.0,0.0,48.9,0.0,134.0,0.0
Marcedes Lewis,TE,GNB,35.0,16.0,11.0,0.0,0.0,0.0,0.0,0.0,0.0,0.0,0.0,0.0,19.0,15.0,156.0,10.4,1.0,0.0,0.0,1.0,36.6,0.0,52.0,0.0
Tim Patrick,WR,DEN,26.0,8.0,2.0,0.0,0.0,0.0,0.0,0.0,0.0,0.0,0.0,0.0,31.0,16.0,218.0,13.63,0.0,0.0,0.0,0.0,37.8,0.0,135.0,0.0
Ross Dwelley,TE,SFO,24.0,16.0,6.0,0.0,0.0,0.0,0.0,0.0,0.0,0.0,0.0,0.0,22.0,15.0,91.0,6.07,2.0,0.0,0.0,2.0,36.1,0.0,53.0,0.0
Jaeden Graham,TE,ATL,24.0,16.0,0.0,0.0,0.0,0.0,0.0,0.0,0.0,0.0,0.0,0.0,10.0,9.0,149.0,16.56,1.0,0.0,0.0,1.0,29.9,0.0,54.0,0.0
C.J. Ham*,RB,MIN,26.0,16.0,7.0,0.0,0.0,0.0,0.0,0.0,7.0,17.0,2.43,0.0,26.0,17.0,149.0,8.76,1.0,1.0,1.0,1.0,37.6,0.0,91.0,0.0
Brian Hoyer,QB,IND,34.0,4.0,1.0,35.0,65.0,372.0,4.0,4.0,8.0,2.0,0.25,0.0,0.0,0.0,0.0,0.0,0.0,2.0,1.0,0.0,21.1,0.0,48.0,0.0
Kalif Raymond,WR,TEN,25.0,8.0,1.0,0.0,0.0,0.0,0.0,0.0,1.0,-5.0,-5.0,0.0,12.0,9.0,170.0,18.89,1.0,1.0,1.0,1.0,29.5,0.0,136.0,0.0
Parris Campbell,WR,IND,22.0,7.0,3.0,0.0,0.0,0.0,0.0,0.0,4.0,34.0,8.5,0.0,24.0,18.0,127.0,7.06,1.0,3.0,1.0,1.0,38.1,0.0,139.0,0.0
Derek Carrier,TE,OAK,29.0,16.0,4.0,0.0,0.0,0.0,0.0,0.0,1.0,27.0,27.0,0.0,19.0,13.0,108.0,8.31,1.0,0.0,0.0,1.0,32.5,0.0,56.0,0.0
Trevor Davis,WR,3TM,26.0,14.0,4.0,0.0,0.0,0.0,0.0,0.0,4.0,73.0,18.25,1.0,11.0,8.0,111.0,13.88,0.0,3.0,2.0,1.0,28.4,0.0,137.0,0.0
Justin Hardy,WR,ATL,28.0,16.0,1.0,0.0,0.0,0.0,0.0,0.0,0.0,0.0,0.0,0.0,26.0,19.0,195.0,10.26,0.0,0.0,0.0,0.0,38.5,0.0,140.0,0.0
Richie James,WR,SFO,24.0,16.0,1.0,0.0,0.0,0.0,0.0,0.0,2.0,-1.0,-0.5,0.0,10.0,6.0,165.0,27.5,1.0,1.0,1.0,1.0,26.4,0.0,138.0,0.0
Ian Thomas,TE,CAR,23.0,16.0,3.0,0.0,0.0,0.0,0.0,0.0,0.0,0.0,0.0,0.0,30.0,16.0,136.0,8.5,1.0,0.0,0.0,1.0,35.6,0.0,55.0,0.0
Matt LaCosse,TE,NWE,27.0,11.0,8.0,0.0,0.0,0.0,0.0,0.0,0.0,0.0,0.0,0.0,19.0,13.0,131.0,10.08,1.0,0.0,0.0,1.0,32.1,0.0,57.0,0.0
Ty Montgomery,RB,NYJ,26.0,16.0,2.0,0.0,0.0,0.0,0.0,0.0,32.0,103.0,3.22,0.0,17.0,13.0,90.0,6.92,0.0,0.0,0.0,0.0,32.3,0.0,92.0,0.0
C.J. Prosise,RB,SEA,25.0,9.0,0.0,0.0,0.0,0.0,0.0,0.0,23.0,72.0,3.13,1.0,12.0,10.0,76.0,7.6,0.0,1.0,1.0,1.0,28.8,0.0,93.0,0.0
Vernon Davis,TE,WAS,35.0,4.0,1.0,0.0,0.0,0.0,0.0,0.0,0.0,0.0,0.0,0.0,19.0,10.0,123.0,12.3,1.0,0.0,0.0,1.0,28.3,0.0,58.0,0.0
Darrell Henderson,RB,LAR,22.0,13.0,0.0,0.0,0.0,0.0,0.0,0.0,39.0,147.0,3.77,0.0,6.0,4.0,37.0,9.25,0.0,0.0,0.0,0.0,22.4,0.0,94.0,0.0
Dontrelle Inman,WR,2TM,30.0,7.0,1.0,0.0,0.0,0.0,0.0,0.0,0.0,0.0,0.0,0.0,21.0,12.0,181.0,15.08,0.0,0.0,0.0,0.0,30.1,0.0,141.0,0.0
Josh Rosen,QB,MIA,22.0,6.0,3.0,58.0,109.0,567.0,1.0,5.0,3.0,13.0,4.33,0.0,0.0,0.0,0.0,0.0,0.0,1.0,0.0,0.0,18.0,0.0,49.0,0.0
Jeff Heuerman,TE,DEN,27.0,14.0,11.0,0.0,0.0,0.0,0.0,0.0,0.0,0.0,0.0,0.0,20.0,14.0,114.0,8.14,1.0,0.0,0.0,1.0,31.4,0.0,60.0,0.0
Travis Homer,RB,SEA,21.0,16.0,1.0,0.0,0.0,0.0,0.0,0.0,18.0,114.0,6.33,0.0,13.0,11.0,56.0,5.09,0.0,0.0,0.0,0.0,28.0,0.0,95.0,0.0
Ryan Izzo,TE,NWE,24.0,6.0,4.0,0.0,0.0,0.0,0.0,0.0,0.0,0.0,0.0,0.0,9.0,6.0,114.0,19.0,1.0,0.0,0.0,1.0,23.4,0.0,59.0,0.0
A.J. McCarron,QB,HOU,29.0,2.0,1.0,21.0,37.0,225.0,0.0,1.0,5.0,39.0,7.8,1.0,0.0,0.0,0.0,0.0,0.0,0.0,0.0,1.0,16.9,0.0,50.0,0.0
Cam Newton,QB,CAR,30.0,2.0,2.0,50.0,89.0,572.0,0.0,1.0,5.0,-2.0,-0.4,0.0,0.0,0.0,0.0,0.0,0.0,2.0,2.0,0.0,16.7,0.0,51.0,0.0
Nick O'Leary,TE,2TM,27.0,12.0,5.0,0.0,0.0,0.0,0.0,0.0,0.0,0.0,0.0,0.0,18.0,13.0,109.0,8.38,1.0,1.0,0.0,1.0,29.9,0.0,62.0,0.0
Devin Smith,WR,DAL,27.0,4.0,2.0,0.0,0.0,0.0,0.0,0.0,0.0,0.0,0.0,0.0,9.0,5.0,113.0,22.6,1.0,0.0,0.0,1.0,22.3,0.0,142.0,0.0
Nick Vannett,TE,2TM,26.0,16.0,7.0,0.0,0.0,0.0,0.0,0.0,0.0,0.0,0.0,0.0,22.0,17.0,166.0,9.76,0.0,0.0,0.0,0.0,33.6,0.0,63.0,0.0
Ben Watson,TE,NWE,39.0,10.0,8.0,0.0,0.0,0.0,0.0,0.0,0.0,0.0,0.0,0.0,24.0,17.0,173.0,10.18,0.0,0.0,0.0,0.0,34.3,0.0,61.0,0.0
T.J. Yeldon,RB,BUF,26.0,6.0,0.0,0.0,0.0,0.0,0.0,0.0,17.0,63.0,3.71,0.0,15.0,13.0,124.0,9.54,0.0,1.0,1.0,0.0,29.7,0.0,96.0,0.0
Andrew Beck,RB,DEN,23.0,16.0,6.0,1.0,1.0,6.0,0.0,0.0,1.0,3.0,3.0,0.0,12.0,9.0,90.0,10.0,1.0,0.0,0.0,1.0,24.5,0.0,97.0,0.0
Robert Griffin,QB,BAL,29.0,7.0,1.0,23.0,38.0,225.0,1.0,2.0,20.0,70.0,3.5,0.0,0.0,0.0,0.0,0.0,0.0,0.0,0.0,0.0,16.0,0.0,52.0,0.0
Hale Hentges,TE,WAS,23.0,11.0,4.0,0.0,0.0,0.0,0.0,0.0,0.0,0.0,0.0,0.0,14.0,8.0,103.0,12.88,1.0,0.0,0.0,1.0,24.3,0.0,64.0,0.0
Robert Tonyan,TE,GNB,25.0,11.0,1.0,0.0,0.0,0.0,0.0,0.0,0.0,0.0,0.0,0.0,15.0,10.0,100.0,10.0,1.0,0.0,0.0,1.0,26.0,0.0,65.0,0.0
Joshua Perkins,TE,PHI,26.0,5.0,0.0,0.0,0.0,0.0,0.0,0.0,0.0,0.0,0.0,0.0,13.0,9.0,87.0,9.67,1.0,0.0,0.0,1.0,23.7,0.0,67.0,0.0
MyCole Pruitt,TE,TEN,27.0,16.0,10.0,0.0,0.0,0.0,0.0,0.0,0.0,0.0,0.0,0.0,8.0,6.0,90.0,15.0,1.0,0.0,0.0,1.0,21.0,0.0,66.0,0.0
Wendell Smallwood,RB,WAS,25.0,15.0,0.0,0.0,0.0,0.0,0.0,0.0,22.0,81.0,3.68,0.0,13.0,9.0,64.0,7.11,0.0,0.0,0.0,0.0,23.5,0.0,98.0,0.0
DeAndre Carter,WR,HOU,26.0,16.0,3.0,0.0,0.0,0.0,0.0,0.0,0.0,0.0,0.0,0.0,14.0,11.0,162.0,14.73,0.0,2.0,1.0,0.0,25.2,0.0,143.0,0.0
Seth Devalve,TE,JAX,26.0,12.0,6.0,0.0,0.0,0.0,0.0,0.0,0.0,0.0,0.0,0.0,18.0,12.0,140.0,11.67,0.0,0.0,0.0,0.0,26.0,0.0,69.0,0.0
Trey Edmunds,RB,PIT,25.0,11.0,0.0,0.0,0.0,0.0,0.0,0.0,22.0,92.0,4.18,0.0,7.0,6.0,48.0,8.0,0.0,0.0,0.0,0.0,20.0,0.0,100.0,0.0
Virgil Green,TE,LAC,31.0,15.0,4.0,0.0,0.0,0.0,0.0,0.0,0.0,0.0,0.0,0.0,13.0,9.0,78.0,8.67,1.0,0.0,0.0,1.0,22.8,0.0,70.0,0.0
Wes Hills,RB,DET,24.0,1.0,1.0,0.0,0.0,0.0,0.0,0.0,10.0,21.0,2.1,2.0,2.0,2.0,1.0,0.5,0.0,0.0,0.0,2.0,16.2,0.0,99.0,0.0
Jesse James,TE,DET,25.0,16.0,11.0,0.0,0.0,0.0,0.0,0.0,0.0,0.0,0.0,0.0,27.0,16.0,142.0,8.88,0.0,0.0,0.0,0.0,30.2,0.0,68.0,0.0
Daniel Brown,TE,NYJ,27.0,16.0,5.0,0.0,0.0,0.0,0.0,0.0,0.0,0.0,0.0,0.0,11.0,7.0,72.0,10.29,1.0,0.0,0.0,1.0,20.2,0.0,71.0,0.0
Keelan Doss,WR,OAK,23.0,8.0,2.0,0.0,0.0,0.0,0.0,0.0,0.0,0.0,0.0,0.0,14.0,11.0,133.0,12.09,0.0,0.0,0.0,0.0,24.3,0.0,144.0,0.0
Rico Gafford,WR,OAK,23.0,4.0,1.0,0.0,0.0,0.0,0.0,0.0,0.0,0.0,0.0,0.0,2.0,2.0,66.0,33.0,1.0,0.0,0.0,1.0,14.6,0.0,145.0,0.0
Mack Hollins,WR,2TM,26.0,16.0,3.0,0.0,0.0,0.0,0.0,0.0,0.0,0.0,0.0,0.0,23.0,10.0,125.0,12.5,0.0,0.0,0.0,0.0,22.5,0.0,146.0,0.0
Jesper Horsted,TE,CHI,22.0,6.0,1.0,0.0,0.0,0.0,0.0,0.0,0.0,0.0,0.0,0.0,10.0,8.0,87.0,10.88,1.0,1.0,1.0,1.0,20.7,0.0,73.0,0.0
Tyler Kroft,TE,BUF,27.0,11.0,3.0,0.0,0.0,0.0,0.0,0.0,0.0,0.0,0.0,0.0,14.0,6.0,71.0,11.83,1.0,0.0,0.0,1.0,19.1,0.0,72.0,0.0
Ben Roethlisberger,QB,PIT,37.0,2.0,2.0,35.0,62.0,351.0,0.0,1.0,1.0,7.0,7.0,0.0,0.0,0.0,0.0,0.0,0.0,1.0,0.0,0.0,12.7,0.0,53.0,0.0
Kerrith Whyte,RB,PIT,23.0,6.0,0.0,0.0,0.0,0.0,0.0,0.0,24.0,122.0,5.08,0.0,1.0,1.0,9.0,9.0,0.0,0.0,0.0,0.0,14.1,0.0,101.0,0.0
Ben Braunecker,TE,CHI,25.0,11.0,3.0,0.0,0.0,0.0,0.0,0.0,0.0,0.0,0.0,0.0,11.0,6.0,59.0,9.83,1.0,0.0,0.0,1.0,17.9,0.0,74.0,0.0
Antonio Brown,WR,NWE,31.0,1.0,0.0,0.0,0.0,0.0,0.0,0.0,1.0,5.0,5.0,0.0,8.0,4.0,56.0,14.0,1.0,0.0,0.0,1.0,16.1,0.0,148.0,0.0
Deon Cain,WR,2TM,23.0,13.0,6.0,0.0,0.0,0.0,0.0,0.0,0.0,0.0,0.0,0.0,20.0,9.0,124.0,13.78,0.0,0.0,0.0,0.0,21.4,0.0,147.0,0.0
Rashard Higgins,WR,CLE,25.0,10.0,1.0,0.0,0.0,0.0,0.0,0.0,0.0,0.0,0.0,0.0,11.0,4.0,55.0,13.75,1.0,0.0,0.0,1.0,15.5,0.0,149.0,0.0
Alec Ingold,RB,OAK,23.0,16.0,4.0,0.0,0.0,0.0,0.0,0.0,10.0,17.0,1.7,0.0,6.0,6.0,44.0,7.33,1.0,0.0,0.0,1.0,18.1,0.0,102.0,0.0
Javorius Allen,RB,NYG,28.0,10.0,0.0,0.0,0.0,0.0,0.0,0.0,10.0,36.0,3.6,1.0,2.0,1.0,9.0,9.0,0.0,0.0,0.0,1.0,11.5,0.0,104.0,0.0
Stephen Carlson,TE,CLE,23.0,9.0,5.0,0.0,0.0,0.0,0.0,0.0,0.0,0.0,0.0,0.0,7.0,5.0,51.0,10.2,1.0,0.0,0.0,1.0,16.1,0.0,76.0,0.0
Darren Sproles,RB,PHI,36.0,6.0,1.0,0.0,0.0,0.0,0.0,0.0,17.0,66.0,3.88,0.0,10.0,6.0,24.0,4.0,0.0,1.0,0.0,0.0,17.0,0.0,103.0,0.0
Tommy Sweeney,TE,BUF,24.0,6.0,1.0,0.0,0.0,0.0,0.0,0.0,0.0,0.0,0.0,0.0,13.0,8.0,114.0,14.25,0.0,0.0,0.0,0.0,19.4,0.0,75.0,0.0
Brandon Zylstra,WR,CAR,26.0,8.0,0.0,0.0,0.0,0.0,0.0,0.0,0.0,0.0,0.0,0.0,12.0,8.0,106.0,13.25,0.0,1.0,0.0,0.0,18.6,0.0,150.0,0.0
Marcell Ateman,WR,OAK,25.0,11.0,0.0,0.0,0.0,0.0,0.0,0.0,0.0,0.0,0.0,0.0,10.0,5.0,116.0,23.2,0.0,1.0,1.0,0.0,14.6,0.0,153.0,0.0
Braxton Berrios,WR,NYJ,24.0,16.0,0.0,0.0,0.0,0.0,0.0,0.0,0.0,0.0,0.0,0.0,13.0,6.0,115.0,19.17,0.0,1.0,1.0,0.0,15.5,0.0,155.0,0.0
Troy Fumagalli,TE,DEN,24.0,11.0,5.0,0.0,0.0,0.0,0.0,0.0,0.0,0.0,0.0,0.0,9.0,6.0,38.0,6.33,1.0,0.0,0.0,1.0,15.8,0.0,78.0,0.0
Deonte Harris*+,WR,NOR,22.0,14.0,1.0,0.0,0.0,0.0,0.0,0.0,4.0,31.0,7.75,0.0,6.0,6.0,24.0,4.0,0.0,3.0,1.0,1.0,15.5,0.0,154.0,0.0
Andy Janovich,RB,DEN,26.0,7.0,3.0,0.0,0.0,0.0,0.0,0.0,1.0,1.0,1.0,1.0,5.0,5.0,42.0,8.4,0.0,0.0,0.0,1.0,15.3,0.0,105.0,0.0
T.J. Jones,WR,NYG,27.0,3.0,0.0,0.0,0.0,0.0,0.0,0.0,0.0,0.0,0.0,0.0,4.0,3.0,38.0,12.67,1.0,3.0,0.0,1.0,12.8,0.0,151.0,0.0
JJ Nelson,WR,OAK,27.0,2.0,1.0,0.0,0.0,0.0,0.0,0.0,0.0,0.0,0.0,0.0,5.0,4.0,36.0,9.0,1.0,0.0,0.0,1.0,13.6,0.0,152.0,0.0
David Njoku,TE,CLE,23.0,4.0,1.0,0.0,0.0,0.0,0.0,0.0,0.0,0.0,0.0,0.0,10.0,5.0,41.0,8.2,1.0,0.0,0.0,1.0,15.1,0.0,77.0,0.0
Danny Vitale,RB,GNB,26.0,15.0,4.0,0.0,0.0,0.0,0.0,0.0,1.0,3.0,3.0,0.0,12.0,7.0,97.0,13.86,0.0,0.0,0.0,0.0,17.0,0.0,107.0,0.0
Derek Watt,RB,LAC,27.0,16.0,2.0,0.0,0.0,0.0,0.0,0.0,7.0,10.0,1.43,1.0,5.0,3.0,32.0,10.67,0.0,0.0,0.0,1.0,13.2,0.0,106.0,0.0
Mo Alie-Cox,TE,IND,26.0,16.0,2.0,0.0,0.0,0.0,0.0,0.0,0.0,0.0,0.0,0.0,11.0,8.0,93.0,11.63,0.0,0.0,0.0,0.0,17.3,0.0,79.0,0.0
Kenjon Barner,RB,ATL,29.0,14.0,0.0,1.0,1.0,3.0,0.0,0.0,4.0,28.0,7.0,0.0,8.0,6.0,22.0,3.67,0.0,4.0,1.0,1.0,15.1,0.0,110.0,0.0
Christian Blake,WR,ATL,23.0,9.0,3.0,0.0,0.0,0.0,0.0,0.0,0.0,0.0,0.0,0.0,24.0,11.0,91.0,8.27,0.0,0.0,0.0,0.0,20.1,0.0,157.0,0.0
Antonio Callaway,WR,CLE,22.0,4.0,2.0,0.0,0.0,0.0,0.0,0.0,0.0,0.0,0.0,0.0,15.0,8.0,89.0,11.13,0.0,0.0,0.0,0.0,16.9,0.0,158.0,0.0
Luke Falk,QB,NYJ,25.0,3.0,2.0,47.0,73.0,416.0,0.0,3.0,0.0,0.0,0.0,0.0,0.0,0.0,0.0,0.0,0.0,2.0,1.0,0.0,8.6,0.0,54.0,0.0
Robert Foster,WR,BUF,25.0,13.0,2.0,0.0,0.0,0.0,0.0,0.0,2.0,29.0,14.5,0.0,18.0,3.0,64.0,21.33,0.0,0.0,0.0,0.0,12.3,0.0,156.0,0.0
J.P. Holtz,TE,2TM,26.0,15.0,7.0,0.0,0.0,0.0,0.0,0.0,0.0,0.0,0.0,0.0,8.0,7.0,91.0,13.0,0.0,0.0,0.0,0.0,16.1,0.0,81.0,0.0
D'Ernest Johnson,RB,CLE,23.0,16.0,0.0,0.0,0.0,0.0,0.0,0.0,4.0,21.0,5.25,0.0,7.0,6.0,71.0,11.83,0.0,0.0,0.0,0.0,15.2,0.0,109.0,0.0
Marshawn Lynch,RB,SEA,33.0,1.0,0.0,0.0,0.0,0.0,0.0,0.0,12.0,34.0,2.83,1.0,0.0,0.0,0.0,0.0,0.0,0.0,0.0,1.0,9.4,0.0,108.0,0.0
Lee Smith,TE,BUF,32.0,16.0,5.0,0.0,0.0,0.0,0.0,0.0,0.0,0.0,0.0,0.0,5.0,4.0,31.0,7.75,1.0,0.0,0.0,1.0,13.1,0.0,80.0,0.0
Alex Armah,RB,CAR,25.0,16.0,1.0,0.0,0.0,0.0,0.0,0.0,6.0,11.0,1.83,1.0,2.0,2.0,6.0,3.0,0.0,0.0,0.0,1.0,9.7,0.0,112.0,0.0
Nick Bellore,RB,SEA,30.0,14.0,1.0,0.0,0.0,0.0,0.0,0.0,0.0,0.0,0.0,0.0,2.0,2.0,23.0,11.5,1.0,0.0,0.0,1.0,10.3,0.0,111.0,0.0
Ventell Bryant,WR,DAL,23.0,12.0,0.0,0.0,0.0,0.0,0.0,0.0,0.0,0.0,0.0,0.0,1.0,1.0,15.0,15.0,1.0,0.0,0.0,1.0,8.5,0.0,162.0,0.0
Trey Burton,TE,CHI,28.0,8.0,5.0,0.0,0.0,0.0,0.0,0.0,0.0,0.0,0.0,0.0,24.0,14.0,84.0,6.0,0.0,0.0,0.0,0.0,22.4,0.0,82.0,0.0
KhaDarel Hodge,WR,CLE,24.0,16.0,1.0,0.0,0.0,0.0,0.0,0.0,0.0,0.0,0.0,0.0,10.0,4.0,76.0,19.0,0.0,0.0,0.0,0.0,11.6,0.0,161.0,0.0
Trent Sherfield,WR,ARI,23.0,16.0,1.0,0.0,0.0,0.0,0.0,0.0,0.0,0.0,0.0,0.0,13.0,4.0,80.0,20.0,0.0,0.0,0.0,0.0,12.0,0.0,160.0,0.0
Damion Willis,WR,CIN,22.0,10.0,2.0,0.0,0.0,0.0,0.0,0.0,0.0,0.0,0.0,0.0,16.0,9.0,82.0,9.11,0.0,0.0,0.0,0.0,17.2,0.0,159.0,0.0
Luke Willson,TE,SEA,29.0,8.0,7.0,0.0,0.0,0.0,0.0,0.0,0.0,0.0,0.0,0.0,10.0,8.0,79.0,9.88,0.0,0.0,0.0,0.0,15.9,0.0,83.0,0.0
Chad Beebe,WR,MIN,25.0,3.0,0.0,0.0,0.0,0.0,0.0,0.0,0.0,0.0,0.0,0.0,2.0,2.0,70.0,35.0,0.0,3.0,0.0,0.0,9.0,0.0,163.0,0.0
Blake Bell,TE,KAN,28.0,15.0,7.0,0.0,0.0,0.0,0.0,0.0,0.0,0.0,0.0,0.0,15.0,8.0,67.0,8.38,0.0,0.0,0.0,0.0,14.7,0.0,85.0,0.0
Devontae Booker,RB,DEN,27.0,16.0,0.0,0.0,0.0,0.0,0.0,0.0,2.0,9.0,4.5,0.0,9.0,6.0,57.0,9.5,0.0,0.0,0.0,0.0,12.6,0.0,118.0,0.0
Tra Carson,RB,2TM,27.0,3.0,1.0,0.0,0.0,0.0,0.0,0.0,18.0,48.0,2.67,0.0,4.0,4.0,18.0,4.5,0.0,0.0,0.0,0.0,10.6,0.0,117.0,0.0
Cethan Carter,RB,CIN,24.0,15.0,0.0,0.0,0.0,0.0,0.0,0.0,0.0,0.0,0.0,0.0,3.0,2.0,13.0,6.5,1.0,0.0,0.0,1.0,9.3,0.0,115.0,0.0
Chris Hogan,WR,CAR,32.0,7.0,1.0,0.0,0.0,0.0,0.0,0.0,0.0,0.0,0.0,0.0,15.0,8.0,67.0,8.38,0.0,0.0,0.0,0.0,14.7,0.0,165.0,0.0
Troymaine Pope,RB,LAC,26.0,14.0,0.0,0.0,0.0,0.0,0.0,0.0,10.0,20.0,2.0,0.0,3.0,2.0,14.0,7.0,1.0,1.0,1.0,1.0,9.4,0.0,113.0,0.0
Riley Ridley,WR,CHI,23.0,5.0,0.0,0.0,0.0,0.0,0.0,0.0,0.0,0.0,0.0,0.0,7.0,6.0,69.0,11.5,0.0,0.0,0.0,0.0,12.9,0.0,164.0,0.0
Adam Shaheen,TE,CHI,25.0,8.0,2.0,0.0,0.0,0.0,0.0,0.0,0.0,0.0,0.0,0.0,13.0,9.0,74.0,8.22,0.0,1.0,1.0,0.0,16.4,0.0,84.0,0.0
Durham Smythe,TE,MIA,24.0,16.0,14.0,0.0,0.0,0.0,0.0,0.0,0.0,0.0,0.0,0.0,14.0,7.0,65.0,9.29,0.0,0.0,0.0,0.0,13.5,0.0,86.0,0.0
Geoff Swaim,TE,JAX,26.0,6.0,2.0,0.0,0.0,0.0,0.0,0.0,0.0,0.0,0.0,0.0,17.0,13.0,65.0,5.0,0.0,0.0,0.0,0.0,19.5,0.0,87.0,0.0
Spencer Ware,RB,KAN,28.0,3.0,1.0,0.0,0.0,0.0,0.0,0.0,17.0,51.0,3.0,0.0,7.0,5.0,22.0,4.4,0.0,1.0,0.0,0.0,12.3,0.0,114.0,0.0
Dwayne Washington,RB,NOR,25.0,16.0,0.0,0.0,0.0,0.0,0.0,0.0,8.0,60.0,7.5,0.0,1.0,1.0,6.0,6.0,0.0,0.0,0.0,0.0,7.6,0.0,116.0,0.0
Matt Barkley,QB,BUF,29.0,2.0,0.0,27.0,51.0,359.0,0.0,3.0,2.0,-4.0,-2.0,0.0,0.0,0.0,0.0,0.0,0.0,3.0,1.0,0.0,6.0,0.0,57.0,0.0
Tyler Conklin,TE,MIN,24.0,15.0,1.0,0.0,0.0,0.0,0.0,0.0,0.0,0.0,0.0,0.0,10.0,8.0,58.0,7.25,0.0,0.0,0.0,0.0,13.8,0.0,89.0,0.0
Brett Hundley,QB,ARI,26.0,3.0,0.0,5.0,11.0,49.0,0.0,0.0,7.0,41.0,5.86,0.0,0.0,0.0,0.0,0.0,0.0,0.0,0.0,0.0,6.1,0.0,55.0,0.0
Tevin Jones,WR,PIT,27.0,5.0,0.0,0.0,0.0,0.0,0.0,0.0,0.0,0.0,0.0,0.0,10.0,4.0,61.0,15.25,0.0,0.0,0.0,0.0,10.1,0.0,166.0,0.0
Chris Lacy,WR,DET,23.0,7.0,2.0,0.0,0.0,0.0,0.0,0.0,0.0,0.0,0.0,0.0,10.0,3.0,60.0,20.0,0.0,0.0,0.0,0.0,9.0,0.0,167.0,0.0
Zach Line,RB,NOR,29.0,12.0,2.0,0.0,0.0,0.0,0.0,0.0,7.0,20.0,2.86,0.0,10.0,6.0,36.0,6.0,0.0,0.0,0.0,0.0,11.6,0.0,119.0,0.0
Andre Patton,WR,LAC,25.0,13.0,5.0,0.0,0.0,0.0,0.0,0.0,0.0,0.0,0.0,0.0,17.0,6.0,56.0,9.33,0.0,0.0,0.0,0.0,11.6,0.0,168.0,0.0
Tyrod Taylor,QB,LAC,30.0,8.0,0.0,4.0,6.0,33.0,1.0,0.0,10.0,7.0,0.7,0.0,1.0,0.0,0.0,0.0,0.0,0.0,0.0,0.0,6.0,0.0,56.0,0.0
Clive Walford,TE,MIA,28.0,7.0,3.0,0.0,0.0,0.0,0.0,0.0,0.0,4.0,0.0,0.0,8.0,4.0,57.0,14.25,0.0,0.0,0.0,0.0,10.1,0.0,88.0,0.0
Khari Blasingame,RB,TEN,23.0,6.0,3.0,0.0,0.0,0.0,0.0,0.0,0.0,0.0,0.0,0.0,5.0,4.0,54.0,13.5,0.0,0.0,0.0,0.0,9.4,0.0,120.0,0.0
Deontay Burnett,WR,PHI,22.0,1.0,1.0,0.0,0.0,0.0,0.0,0.0,0.0,0.0,0.0,0.0,4.0,2.0,48.0,24.0,0.0,0.0,0.0,0.0,6.8,0.0,170.0,0.0
Mike Davis,RB,2TM,26.0,12.0,1.0,0.0,0.0,0.0,0.0,0.0,13.0,27.0,2.08,0.0,8.0,7.0,22.0,3.14,0.0,0.0,0.0,0.0,11.9,0.0,123.0,0.0
Patrick DiMarco,RB,BUF,30.0,16.0,4.0,0.0,0.0,0.0,0.0,0.0,3.0,7.0,2.33,0.0,7.0,5.0,41.0,8.2,0.0,0.0,0.0,0.0,9.8,0.0,125.0,0.0
Jon Hilliman,RB,NYG,24.0,3.0,1.0,0.0,0.0,0.0,0.0,0.0,30.0,91.0,3.03,0.0,4.0,3.0,1.0,0.33,0.0,2.0,2.0,0.0,8.2,0.0,121.0,0.0
Alexander Hollins,WR,MIN,23.0,5.0,1.0,0.0,0.0,0.0,0.0,0.0,0.0,0.0,0.0,0.0,4.0,2.0,46.0,23.0,0.0,0.0,0.0,0.0,6.6,0.0,171.0,0.0
Taiwan Jones,RB,HOU,31.0,11.0,0.0,0.0,0.0,0.0,0.0,0.0,9.0,40.0,4.44,0.0,1.0,1.0,9.0,9.0,0.0,0.0,0.0,0.0,5.9,0.0,124.0,0.0
Lance Kendricks,TE,LAC,31.0,12.0,1.0,0.0,0.0,0.0,0.0,0.0,0.0,0.0,0.0,0.0,7.0,3.0,50.0,16.67,0.0,0.0,0.0,0.0,8.0,0.0,92.0,0.0
Devine Ozigbo,RB,JAX,23.0,10.0,0.0,0.0,0.0,0.0,0.0,0.0,9.0,27.0,3.0,0.0,5.0,3.0,23.0,7.67,0.0,0.0,0.0,0.0,8.0,0.0,122.0,0.0
Elijhaa Penny,RB,NYG,26.0,16.0,1.0,0.0,0.0,0.0,0.0,0.0,15.0,39.0,2.6,0.0,4.0,2.0,9.0,4.5,0.0,0.0,0.0,0.0,6.8,0.0,126.0,0.0
Luke Stocker,TE,ATL,31.0,15.0,9.0,0.0,0.0,0.0,0.0,0.0,0.0,0.0,0.0,0.0,14.0,8.0,53.0,6.63,0.0,1.0,0.0,0.0,13.3,0.0,90.0,0.0
Trevon Wesco,TE,NYJ,24.0,16.0,1.0,0.0,0.0,0.0,0.0,0.0,1.0,2.0,2.0,0.0,3.0,2.0,47.0,23.5,0.0,0.0,0.0,0.0,6.9,0.0,93.0,0.0
DeAndrew White,WR,CAR,28.0,10.0,0.0,0.0,0.0,0.0,0.0,0.0,0.0,0.0,0.0,0.0,9.0,4.0,51.0,12.75,0.0,0.0,0.0,0.0,9.1,0.0,169.0,0.0
Cedrick Wilson,WR,DAL,24.0,6.0,0.0,0.0,0.0,0.0,0.0,0.0,0.0,0.0,0.0,0.0,8.0,5.0,46.0,9.2,0.0,0.0,0.0,0.0,9.6,0.0,172.0,0.0
Deon Yelder,TE,KAN,24.0,9.0,1.0,0.0,0.0,0.0,0.0,0.0,0.0,0.0,0.0,0.0,4.0,3.0,50.0,16.67,0.0,0.0,0.0,0.0,8.0,0.0,91.0,0.0
C.J. Anderson,RB,DET,28.0,2.0,0.0,0.0,0.0,0.0,0.0,0.0,16.0,43.0,2.69,0.0,0.0,0.0,0.0,0.0,0.0,0.0,0.0,0.0,4.3,0.0,127.0,0.0
Geremy Davis,WR,LAC,27.0,7.0,1.0,0.0,0.0,0.0,0.0,0.0,0.0,0.0,0.0,0.0,3.0,3.0,38.0,12.67,0.0,0.0,0.0,0.0,6.8,0.0,174.0,0.0
Mike Glennon,QB,OAK,30.0,2.0,0.0,6.0,10.0,56.0,1.0,0.0,2.0,0.0,0.0,0.0,0.0,0.0,0.0,0.0,0.0,3.0,1.0,0.0,4.2,0.0,59.0,0.0
Colt McCoy,QB,WAS,33.0,1.0,1.0,18.0,27.0,122.0,0.0,1.0,2.0,14.0,7.0,0.0,0.0,0.0,0.0,0.0,0.0,2.0,0.0,0.0,4.3,0.0,58.0,0.0
Steven Mitchell,WR,HOU,25.0,3.0,1.0,0.0,0.0,0.0,0.0,0.0,0.0,0.0,0.0,0.0,6.0,2.0,37.0,18.5,0.0,0.0,0.0,0.0,5.7,0.0,175.0,0.0
Jason Moore,WR,LAC,24.0,10.0,0.0,0.0,0.0,0.0,0.0,0.0,0.0,0.0,0.0,0.0,5.0,2.0,43.0,21.5,0.0,0.0,0.0,0.0,6.3,0.0,173.0,0.0
Paul Perkins,RB,DET,25.0,4.0,0.0,0.0,0.0,0.0,0.0,0.0,12.0,29.0,2.42,0.0,1.0,1.0,9.0,9.0,0.0,0.0,0.0,0.0,4.8,0.0,128.0,0.0
Jay Ajayi,RB,PHI,26.0,3.0,0.0,0.0,0.0,0.0,0.0,0.0,10.0,30.0,3.0,0.0,1.0,0.0,0.0,0.0,0.0,0.0,0.0,0.0,3.0,0.0,130.0,0.0
Travis Benjamin,WR,LAC,30.0,5.0,2.0,0.0,0.0,0.0,0.0,0.0,0.0,0.0,0.0,0.0,16.0,6.0,30.0,5.0,0.0,0.0,0.0,0.0,9.0,0.0,181.0,0.0
C.J. Board,WR,JAX,26.0,4.0,0.0,0.0,0.0,0.0,0.0,0.0,0.0,0.0,0.0,0.0,4.0,2.0,31.0,15.5,0.0,0.0,0.0,0.0,5.1,0.0,179.0,0.0
Pharaoh Brown,TE,CLE,25.0,9.0,6.0,0.0,0.0,0.0,0.0,0.0,0.0,0.0,0.0,0.0,3.0,2.0,27.0,13.5,0.0,0.0,0.0,0.0,4.7,0.0,96.0,0.0
Cody Core,WR,NYG,25.0,16.0,0.0,0.0,0.0,0.0,0.0,0.0,0.0,0.0,0.0,0.0,5.0,3.0,28.0,9.33,0.0,0.0,0.0,0.0,5.8,0.0,183.0,0.0
Dalyn Dawkins,RB,TEN,25.0,2.0,0.0,0.0,0.0,0.0,0.0,0.0,11.0,26.0,2.36,0.0,1.0,0.0,0.0,0.0,0.0,0.0,0.0,0.0,2.6,0.0,131.0,0.0
Devin Funchess,WR,IND,25.0,1.0,1.0,0.0,0.0,0.0,0.0,0.0,0.0,0.0,0.0,0.0,5.0,3.0,32.0,10.67,0.0,0.0,0.0,0.0,6.2,0.0,178.0,0.0
Johnny Holton,WR,PIT,28.0,16.0,3.0,0.0,0.0,0.0,0.0,0.0,1.0,9.0,9.0,0.0,15.0,3.0,21.0,7.0,0.0,0.0,0.0,0.0,6.0,0.0,182.0,0.0
Tanner Hudson,TE,TAM,25.0,9.0,1.0,0.0,0.0,0.0,0.0,0.0,0.0,0.0,0.0,0.0,5.0,2.0,26.0,13.0,0.0,0.0,0.0,0.0,4.6,0.0,97.0,0.0
Ishmael Hyman,WR,TAM,24.0,2.0,1.0,0.0,0.0,0.0,0.0,0.0,0.0,0.0,0.0,0.0,4.0,2.0,34.0,17.0,0.0,0.0,0.0,0.0,5.4,0.0,176.0,0.0
Jordan Matthews,WR,2TM,27.0,3.0,1.0,0.0,0.0,0.0,0.0,0.0,0.0,0.0,0.0,0.0,12.0,4.0,33.0,8.25,0.0,0.0,0.0,0.0,7.3,0.0,177.0,0.0
Codey McElroy,WR,TAM,27.0,1.0,0.0,0.0,0.0,0.0,0.0,0.0,0.0,0.0,0.0,0.0,1.0,1.0,30.0,30.0,0.0,0.0,0.0,0.0,4.0,0.0,180.0,0.0
Johnny Mundt,TE,LAR,25.0,13.0,2.0,0.0,0.0,0.0,0.0,0.0,0.0,0.0,0.0,0.0,7.0,4.0,26.0,6.5,0.0,0.0,0.0,0.0,6.6,0.0,98.0,0.0
Andre Roberts*,WR,BUF,31.0,13.0,0.0,0.0,0.0,0.0,0.0,0.0,1.0,7.0,7.0,0.0,7.0,3.0,20.0,6.67,0.0,1.0,0.0,0.0,5.7,0.0,187.0,0.0
Drew Sample,TE,CIN,23.0,9.0,2.0,0.0,0.0,0.0,0.0,0.0,0.0,0.0,0.0,0.0,6.0,5.0,30.0,6.0,0.0,0.0,0.0,0.0,8.0,0.0,95.0,0.0
Da'Mari Scott,WR,NYG,24.0,5.0,2.0,0.0,0.0,0.0,0.0,0.0,1.0,5.0,5.0,0.0,3.0,2.0,22.0,11.0,0.0,0.0,0.0,0.0,4.7,0.0,185.0,0.0
Russell Shepard,WR,NYG,29.0,3.0,0.0,0.0,0.0,0.0,0.0,0.0,0.0,0.0,0.0,0.0,8.0,3.0,25.0,8.33,0.0,0.0,0.0,0.0,5.5,0.0,188.0,0.0
Anthony Sherman,RB,KAN,31.0,16.0,0.0,0.0,0.0,0.0,0.0,0.0,4.0,9.0,2.25,0.0,3.0,2.0,22.0,11.0,0.0,0.0,0.0,0.0,5.1,0.0,129.0,0.0
Cam Sims,WR,WAS,23.0,7.0,1.0,0.0,0.0,0.0,0.0,0.0,0.0,0.0,0.0,0.0,3.0,2.0,27.0,13.5,0.0,0.0,0.0,0.0,4.7,0.0,184.0,0.0
Ryan Switzer,WR,PIT,25.0,9.0,0.0,0.0,0.0,0.0,0.0,0.0,0.0,0.0,0.0,0.0,11.0,8.0,27.0,3.38,0.0,1.0,0.0,0.0,10.7,0.0,186.0,0.0
Ross Travis,TE,IND,26.0,3.0,1.0,0.0,0.0,0.0,0.0,0.0,0.0,0.0,0.0,0.0,6.0,4.0,51.0,12.75,0.0,1.0,1.0,0.0,7.1,0.0,94.0,0.0
Nick Bawden,RB,DET,23.0,10.0,2.0,0.0,0.0,0.0,0.0,0.0,0.0,0.0,0.0,0.0,6.0,4.0,17.0,4.25,0.0,0.0,0.0,0.0,5.7,0.0,135.0,0.0
Josh Bellamy,WR,NYJ,30.0,7.0,0.0,0.0,0.0,0.0,0.0,0.0,0.0,0.0,0.0,0.0,3.0,2.0,20.0,10.0,0.0,0.0,0.0,0.0,4.0,0.0,192.0,0.0
Fred Brown,WR,DEN,26.0,13.0,1.0,0.0,0.0,0.0,0.0,0.0,0.0,0.0,0.0,0.0,3.0,2.0,21.0,10.5,0.0,1.0,0.0,0.0,4.1,0.0,191.0,0.0
Michael Crabtree,WR,ARI,32.0,2.0,1.0,0.0,0.0,0.0,0.0,0.0,0.0,0.0,0.0,0.0,5.0,4.0,22.0,5.5,0.0,0.0,0.0,0.0,6.2,0.0,189.0,0.0
Rashard Davis,WR,TEN,25.0,1.0,0.0,0.0,0.0,0.0,0.0,0.0,0.0,0.0,0.0,0.0,1.0,1.0,16.0,16.0,0.0,0.0,0.0,0.0,2.6,0.0,200.0,0.0
Robert Davis,WR,2TM,24.0,6.0,3.0,0.0,0.0,0.0,0.0,0.0,0.0,0.0,0.0,0.0,5.0,2.0,17.0,8.5,0.0,0.0,0.0,0.0,3.7,0.0,197.0,0.0
Ashton Dulin,WR,IND,22.0,13.0,0.0,0.0,0.0,0.0,0.0,0.0,0.0,0.0,0.0,0.0,2.0,2.0,17.0,8.5,0.0,0.0,0.0,0.0,3.7,0.0,196.0,0.0
Tyler Ervin,RB,2TM,26.0,10.0,0.0,0.0,0.0,0.0,0.0,0.0,1.0,10.0,10.0,0.0,4.0,2.0,11.0,5.5,0.0,2.0,0.0,0.0,4.1,0.0,133.0,0.0
Darius Jennings,WR,TEN,27.0,8.0,0.0,0.0,0.0,0.0,0.0,0.0,0.0,0.0,0.0,0.0,5.0,2.0,17.0,8.5,0.0,0.0,0.0,0.0,3.7,0.0,198.0,0.0
Marqise Lee,WR,JAX,28.0,6.0,1.0,0.0,0.0,0.0,0.0,0.0,1.0,1.0,1.0,0.0,4.0,3.0,18.0,6.0,0.0,0.0,0.0,0.0,4.9,0.0,193.0,0.0
T.J. Logan,RB,TAM,25.0,12.0,0.0,0.0,0.0,0.0,0.0,0.0,3.0,10.0,3.33,0.0,3.0,2.0,13.0,6.5,0.0,0.0,0.0,0.0,4.3,0.0,132.0,0.0
Donte Moncrief,WR,2TM,26.0,8.0,2.0,0.0,0.0,0.0,0.0,0.0,0.0,0.0,0.0,0.0,15.0,4.0,18.0,4.5,0.0,0.0,0.0,0.0,5.8,0.0,194.0,0.0
Chris Moore,WR,BAL,26.0,14.0,1.0,0.0,0.0,0.0,0.0,0.0,1.0,0.0,0.0,0.0,5.0,3.0,21.0,7.0,0.0,0.0,0.0,0.0,5.1,0.0,190.0,0.0
Stanley Morgan,WR,CIN,23.0,11.0,0.0,0.0,0.0,0.0,0.0,0.0,0.0,0.0,0.0,0.0,10.0,3.0,18.0,6.0,0.0,0.0,0.0,0.0,4.8,0.0,195.0,0.0
Josh Oliver,TE,JAX,22.0,4.0,1.0,0.0,0.0,0.0,0.0,0.0,0.0,0.0,0.0,0.0,6.0,3.0,15.0,5.0,0.0,0.0,0.0,0.0,4.5,0.0,100.0,0.0
Samaje Perine,RB,2TM,24.0,7.0,0.0,0.0,0.0,0.0,0.0,0.0,5.0,16.0,3.2,0.0,0.0,0.0,0.0,0.0,0.0,0.0,0.0,0.0,1.6,0.0,137.0,0.0
Eric Saubert,TE,CHI,25.0,2.0,0.0,0.0,0.0,0.0,0.0,0.0,0.0,0.0,0.0,0.0,3.0,2.0,21.0,10.5,0.0,0.0,0.0,0.0,4.1,0.0,99.0,0.0
Keith Smith,RB,ATL,27.0,16.0,5.0,0.0,0.0,0.0,0.0,0.0,5.0,8.0,1.6,0.0,3.0,1.0,13.0,13.0,0.0,0.0,0.0,0.0,3.1,0.0,134.0,0.0
Diontae Spencer,WR,DEN,27.0,16.0,2.0,0.0,0.0,0.0,0.0,0.0,3.0,6.0,2.0,0.0,8.0,6.0,31.0,5.17,0.0,3.0,1.0,0.0,7.7,0.0,199.0,0.0
Bobo Wilson,WR,TAM,24.0,6.0,1.0,0.0,0.0,0.0,0.0,0.0,0.0,0.0,0.0,0.0,11.0,3.0,35.0,11.67,0.0,3.0,1.0,0.0,4.5,0.0,201.0,0.0
Zach Zenner,RB,3TM,28.0,5.0,0.0,0.0,0.0,0.0,0.0,0.0,3.0,-2.0,-0.67,0.0,3.0,2.0,19.0,9.5,0.0,0.0,0.0,0.0,3.7,0.0,136.0,0.0
Josh Adams,RB,NYJ,23.0,3.0,0.0,0.0,0.0,0.0,0.0,0.0,8.0,12.0,1.5,0.0,0.0,0.0,0.0,0.0,0.0,0.0,0.0,0.0,1.2,0.0,139.0,0.0
Antony Auclair,TE,TAM,26.0,8.0,5.0,0.0,0.0,0.0,0.0,0.0,0.0,0.0,0.0,0.0,3.0,1.0,11.0,11.0,0.0,0.0,0.0,0.0,2.1,0.0,104.0,0.0
Tony Brooks-James,RB,PIT,25.0,3.0,0.0,0.0,0.0,0.0,0.0,0.0,8.0,7.0,0.88,0.0,0.0,0.0,0.0,0.0,0.0,0.0,0.0,0.0,0.7,0.0,147.0,0.0
Austin Carr,WR,NOR,26.0,6.0,3.0,0.0,0.0,0.0,0.0,0.0,0.0,0.0,0.0,0.0,4.0,1.0,9.0,9.0,0.0,0.0,0.0,0.0,1.9,0.0,210.0,0.0
Sean Culkin,TE,LAC,26.0,4.0,2.0,0.0,0.0,0.0,0.0,0.0,0.0,0.0,0.0,0.0,2.0,1.0,12.0,12.0,0.0,0.0,0.0,0.0,2.2,0.0,102.0,0.0
Josh Ferguson,RB,WAS,26.0,2.0,0.0,0.0,0.0,0.0,0.0,0.0,3.0,9.0,3.0,0.0,0.0,0.0,0.0,0.0,0.0,0.0,0.0,0.0,0.9,0.0,144.0,0.0
John Franklin,WR,TAM,25.0,1.0,0.0,0.0,0.0,0.0,0.0,0.0,1.0,11.0,11.0,0.0,0.0,0.0,0.0,0.0,0.0,0.0,0.0,0.0,1.1,0.0,207.0,0.0
Ryan Grant,WR,OAK,29.0,2.0,1.0,0.0,0.0,0.0,0.0,0.0,0.0,0.0,0.0,0.0,9.0,4.0,14.0,3.5,0.0,0.0,0.0,0.0,5.4,0.0,204.0,0.0
Will Grier,QB,CAR,24.0,2.0,2.0,28.0,52.0,228.0,0.0,4.0,7.0,22.0,3.14,0.0,0.0,0.0,0.0,0.0,0.0,1.0,1.0,0.0,1.3,0.0,60.0,0.0
Ryan Griffin,QB,TAM,30.0,2.0,0.0,2.0,4.0,18.0,0.0,0.0,4.0,-1.0,-0.25,0.0,0.0,0.0,0.0,0.0,0.0,0.0,0.0,0.0,0.6,0.0,62.0,0.0
Damien Harris,RB,NWE,22.0,2.0,0.0,0.0,0.0,0.0,0.0,0.0,4.0,12.0,3.0,0.0,0.0,0.0,0.0,0.0,0.0,0.0,0.0,0.0,1.2,0.0,138.0,0.0
Dwayne Harris,WR,OAK,32.0,3.0,0.0,0.0,0.0,0.0,0.0,0.0,0.0,0.0,0.0,0.0,1.0,1.0,7.0,7.0,0.0,0.0,0.0,0.0,1.7,0.0,211.0,0.0
Chris Herndon,TE,NYJ,23.0,1.0,0.0,0.0,0.0,0.0,0.0,0.0,0.0,0.0,0.0,0.0,2.0,1.0,7.0,7.0,0.0,0.0,0.0,0.0,1.7,0.0,109.0,0.0
Cody Hollister,WR,TEN,26.0,5.0,0.0,0.0,0.0,0.0,0.0,0.0,0.0,0.0,0.0,0.0,2.0,2.0,13.0,6.5,0.0,0.0,0.0,0.0,3.3,0.0,205.0,0.0
Buddy Howell,RB,HOU,23.0,16.0,0.0,0.0,0.0,0.0,0.0,0.0,5.0,10.0,2.0,0.0,0.0,0.0,0.0,0.0,0.0,0.0,0.0,0.0,1.0,0.0,141.0,0.0
Jakob Johnson,RB,NWE,25.0,4.0,3.0,0.0,0.0,0.0,0.0,0.0,0.0,0.0,0.0,0.0,2.0,1.0,5.0,5.0,0.0,0.0,0.0,0.0,1.5,0.0,149.0,0.0
Charles Jones,TE,JAX,23.0,4.0,0.0,0.0,0.0,0.0,0.0,0.0,0.0,0.0,0.0,0.0,1.0,1.0,5.0,5.0,0.0,0.0,0.0,0.0,1.5,0.0,111.0,0.0
John Kelly,RB,LAR,23.0,4.0,0.0,0.0,0.0,0.0,0.0,0.0,3.0,9.0,3.0,0.0,0.0,0.0,0.0,0.0,0.0,0.0,0.0,0.0,0.9,0.0,143.0,0.0
Ben Koyack,TE,JAX,26.0,11.0,6.0,0.0,0.0,0.0,0.0,0.0,0.0,0.0,0.0,0.0,3.0,1.0,9.0,9.0,0.0,0.0,0.0,0.0,1.9,0.0,107.0,0.0
Chris Manhertz,TE,CAR,27.0,15.0,6.0,0.0,0.0,0.0,0.0,0.0,0.0,0.0,0.0,0.0,1.0,1.0,11.0,11.0,0.0,0.0,0.0,0.0,2.1,0.0,103.0,0.0
Josh McCown,QB,PHI,40.0,3.0,0.0,3.0,5.0,24.0,0.0,0.0,2.0,-2.0,-1.0,0.0,0.0,0.0,0.0,0.0,0.0,0.0,0.0,0.0,0.8,0.0,61.0,0.0
Ryan Nall,RB,CHI,24.0,8.0,0.0,0.0,0.0,0.0,0.0,0.0,2.0,8.0,4.0,0.0,0.0,0.0,0.0,0.0,0.0,0.0,0.0,0.0,0.8,0.0,146.0,0.0
Isaac Nauta,TE,DET,22.0,6.0,0.0,0.0,0.0,0.0,0.0,0.0,0.0,0.0,0.0,0.0,3.0,2.0,13.0,6.5,0.0,0.0,0.0,0.0,3.3,0.0,101.0,0.0
Gunner Olszewski,WR,NWE,23.0,8.0,0.0,0.0,0.0,0.0,0.0,0.0,0.0,0.0,0.0,0.0,4.0,2.0,34.0,17.0,0.0,1.0,1.0,0.0,3.4,0.0,203.0,0.0
Ricky Ortiz,RB,NOR,25.0,1.0,0.0,0.0,0.0,0.0,0.0,0.0,0.0,0.0,0.0,0.0,1.0,1.0,8.0,8.0,0.0,0.0,0.0,0.0,1.8,0.0,145.0,0.0
Jordan Scarlett,RB,CAR,23.0,9.0,0.0,0.0,0.0,0.0,0.0,0.0,4.0,9.0,2.25,0.0,0.0,0.0,0.0,0.0,0.0,0.0,0.0,0.0,0.9,0.0,142.0,0.0
Dalton Schultz,TE,DAL,23.0,16.0,0.0,0.0,0.0,0.0,0.0,0.0,0.0,0.0,0.0,0.0,2.0,1.0,6.0,6.0,0.0,0.0,0.0,0.0,1.6,0.0,110.0,0.0
Jaleel Scott,WR,BAL,24.0,3.0,0.0,0.0,0.0,0.0,0.0,0.0,0.0,0.0,0.0,0.0,3.0,1.0,6.0,6.0,0.0,0.0,0.0,0.0,1.6,0.0,212.0,0.0
Scott Simonson,TE,NYG,27.0,5.0,1.0,0.0,0.0,0.0,0.0,0.0,0.0,0.0,0.0,0.0,2.0,2.0,11.0,5.5,0.0,0.0,0.0,0.0,3.1,0.0,105.0,0.0
Jeff Smith,WR,NYJ,22.0,1.0,0.0,0.0,0.0,0.0,0.0,0.0,0.0,0.0,0.0,0.0,2.0,1.0,12.0,12.0,0.0,0.0,0.0,0.0,2.2,0.0,206.0,0.0
Tyrone Swoopes,TE,SEA,25.0,5.0,2.0,0.0,0.0,0.0,0.0,0.0,0.0,0.0,0.0,0.0,1.0,1.0,5.0,5.0,0.0,0.0,0.0,0.0,1.5,0.0,112.0,0.0
De'Anthony Thomas,WR,2TM,26.0,14.0,0.0,0.0,0.0,0.0,0.0,0.0,2.0,5.0,2.5,0.0,2.0,1.0,6.0,6.0,0.0,3.0,0.0,0.0,2.1,0.0,208.0,0.0
Jordan Thomas,TE,HOU,23.0,5.0,2.0,0.0,0.0,0.0,0.0,0.0,0.0,0.0,0.0,0.0,3.0,1.0,8.0,8.0,0.0,0.0,0.0,0.0,1.8,0.0,108.0,0.0
Mike Thomas,WR,LAR,25.0,16.0,0.0,0.0,0.0,0.0,0.0,0.0,0.0,0.0,0.0,0.0,5.0,2.0,14.0,7.0,0.0,0.0,0.0,0.0,3.4,0.0,202.0,0.0
Levine Toilolo,TE,SFO,28.0,13.0,0.0,0.0,0.0,0.0,0.0,0.0,0.0,0.0,0.0,0.0,2.0,2.0,10.0,5.0,0.0,0.0,0.0,0.0,3.0,0.0,106.0,0.0
De'Lance Turner,RB,MIA,24.0,8.0,0.0,0.0,0.0,0.0,0.0,0.0,4.0,6.0,1.5,0.0,0.0,0.0,0.0,0.0,0.0,0.0,0.0,0.0,0.6,0.0,148.0,0.0
John Ursua,WR,SEA,25.0,3.0,0.0,0.0,0.0,0.0,0.0,0.0,0.0,0.0,0.0,0.0,1.0,1.0,11.0,11.0,0.0,0.0,0.0,0.0,2.1,0.0,209.0,0.0
Dexter Williams,RB,GNB,22.0,4.0,0.0,0.0,0.0,0.0,0.0,0.0,5.0,11.0,2.2,0.0,0.0,0.0,0.0,0.0,0.0,0.0,0.0,0.0,1.1,0.0,140.0,0.0
Jerell Adams,,HOU,27.0,1.0,0.0,0.0,0.0,0.0,0.0,0.0,0.0,0.0,0.0,0.0,0.0,0.0,0.0,0.0,0.0,0.0,0.0,0.0,0.0,0.0,125.0,0.0
Stephen Anderson,,LAC,26.0,1.0,0.0,0.0,0.0,0.0,0.0,0.0,0.0,0.0,0.0,0.0,0.0,0.0,0.0,0.0,0.0,0.0,0.0,0.0,0.0,0.0,120.0,0.0
Evan Baylis,,GNB,26.0,5.0,0.0,0.0,0.0,0.0,0.0,0.0,0.0,0.0,0.0,0.0,0.0,0.0,0.0,0.0,0.0,0.0,0.0,0.0,0.0,0.0,130.0,0.0
Kendall Blanton,,LAR,24.0,1.0,0.0,0.0,0.0,0.0,0.0,0.0,0.0,0.0,0.0,0.0,0.0,0.0,0.0,0.0,0.0,0.0,0.0,0.0,0.0,0.0,117.0,0.0
Tim Boyle,QB,GNB,25.0,3.0,0.0,3.0,4.0,15.0,0.0,0.0,5.0,-7.0,-1.4,0.0,0.0,0.0,0.0,0.0,0.0,0.0,0.0,0.0,-0.1,0.0,68.0,0.0
Deante Burton,,DAL,25.0,3.0,0.0,0.0,0.0,0.0,0.0,0.0,0.0,0.0,0.0,0.0,0.0,0.0,0.0,0.0,0.0,0.0,0.0,0.0,0.0,0.0,224.0,0.0
Trenton Cannon,,NYJ,25.0,4.0,0.0,0.0,0.0,0.0,0.0,0.0,0.0,0.0,0.0,0.0,0.0,0.0,0.0,0.0,0.0,0.0,0.0,0.0,0.0,0.0,156.0,0.0
Garrett Celek,,SFO,31.0,5.0,1.0,0.0,0.0,0.0,0.0,0.0,0.0,0.0,0.0,0.0,0.0,0.0,0.0,0.0,0.0,0.0,0.0,0.0,0.0,0.0,121.0,0.0
Jordan Chunn,,DAL,24.0,1.0,0.0,0.0,0.0,0.0,0.0,0.0,0.0,0.0,0.0,0.0,0.0,0.0,0.0,0.0,0.0,0.0,0.0,0.0,0.0,0.0,163.0,0.0
Chandler Cox,,MIA,23.0,13.0,3.0,0.0,0.0,0.0,0.0,0.0,0.0,0.0,0.0,0.0,0.0,0.0,0.0,0.0,0.0,0.0,0.0,0.0,0.0,0.0,164.0,0.0
River Cracraft,,DEN,25.0,1.0,0.0,0.0,0.0,0.0,0.0,0.0,0.0,0.0,0.0,0.0,0.0,0.0,0.0,0.0,0.0,0.0,0.0,0.0,0.0,0.0,234.0,0.0
Jerome Cunningham,,WAS,28.0,2.0,1.0,0.0,0.0,0.0,0.0,0.0,0.0,0.0,0.0,0.0,0.0,0.0,0.0,0.0,0.0,0.0,0.0,0.0,0.0,0.0,119.0,0.0
Darrell Daniels,TE,ARI,25.0,11.0,0.0,0.0,0.0,0.0,0.0,0.0,0.0,0.0,0.0,0.0,3.0,1.0,4.0,4.0,0.0,0.0,0.0,0.0,1.4,0.0,113.0,0.0
Davion Davis,,MIN,23.0,2.0,0.0,0.0,0.0,0.0,0.0,0.0,0.0,0.0,0.0,0.0,0.0,0.0,0.0,0.0,0.0,0.0,0.0,0.0,0.0,0.0,238.0,0.0
James Develin,RB,NWE,31.0,2.0,2.0,0.0,0.0,0.0,0.0,0.0,2.0,3.0,1.5,0.0,0.0,0.0,0.0,0.0,0.0,0.0,0.0,0.0,0.3,0.0,153.0,0.0
Garrett Dickerson,,NYG,24.0,4.0,0.0,0.0,0.0,0.0,0.0,0.0,0.0,0.0,0.0,0.0,0.0,0.0,0.0,0.0,0.0,0.0,0.0,0.0,0.0,0.0,134.0,0.0
Gehrig Dieter,,KAN,26.0,2.0,0.0,0.0,0.0,0.0,0.0,0.0,0.0,0.0,0.0,0.0,0.0,0.0,0.0,0.0,0.0,0.0,0.0,0.0,0.0,0.0,231.0,0.0
Brandon Dillon,,MIN,22.0,1.0,0.0,0.0,0.0,0.0,0.0,0.0,0.0,0.0,0.0,0.0,0.0,0.0,0.0,0.0,0.0,0.0,0.0,0.0,0.0,0.0,122.0,0.0
Josh Doctson,,MIN,27.0,1.0,0.0,0.0,0.0,0.0,0.0,0.0,0.0,0.0,0.0,0.0,0.0,0.0,0.0,0.0,0.0,0.0,0.0,0.0,0.0,0.0,221.0,0.0
Quinton Dunbar,,WAS,27.0,11.0,11.0,0.0,0.0,0.0,0.0,0.0,0.0,0.0,0.0,0.0,0.0,0.0,0.0,0.0,0.0,0.0,0.0,0.0,0.0,0.0,222.0,0.0
Alex Ellis,,PHI,26.0,3.0,0.0,0.0,0.0,0.0,0.0,0.0,0.0,0.0,0.0,0.0,0.0,0.0,0.0,0.0,0.0,0.0,0.0,0.0,0.0,0.0,118.0,0.0
David Fales,,NYJ,29.0,2.0,0.0,0.0,0.0,0.0,0.0,0.0,0.0,0.0,0.0,0.0,0.0,0.0,0.0,0.0,0.0,0.0,0.0,0.0,0.0,0.0,67.0,0.0
David Fluellen,,TEN,27.0,2.0,0.0,0.0,0.0,0.0,0.0,0.0,0.0,0.0,0.0,0.0,0.0,0.0,0.0,0.0,0.0,0.0,0.0,0.0,0.0,0.0,160.0,0.0
D.J. Foster,,ARI,26.0,6.0,0.0,0.0,0.0,0.0,0.0,0.0,0.0,0.0,0.0,0.0,0.0,0.0,0.0,0.0,0.0,0.0,0.0,0.0,0.0,0.0,162.0,0.0
Travis Fulgham,,DET,24.0,3.0,0.0,0.0,0.0,0.0,0.0,0.0,0.0,0.0,0.0,0.0,3.0,0.0,0.0,0.0,0.0,0.0,0.0,0.0,0.0,0.0,226.0,0.0
Zach Gentry,TE,PIT,23.0,4.0,0.0,0.0,0.0,0.0,0.0,0.0,0.0,0.0,0.0,0.0,1.0,1.0,4.0,4.0,0.0,0.0,0.0,0.0,1.4,0.0,114.0,0.0
Garrett Gilbert,QB,CLE,28.0,5.0,0.0,0.0,3.0,0.0,0.0,0.0,3.0,-3.0,-1.0,0.0,0.0,0.0,0.0,0.0,0.0,0.0,0.0,0.0,-0.3,0.0,70.0,0.0
Cullen Gillaspia,,HOU,24.0,16.0,0.0,0.0,0.0,0.0,0.0,0.0,0.0,0.0,0.0,0.0,0.0,0.0,0.0,0.0,0.0,0.0,0.0,0.0,0.0,0.0,161.0,0.0
C.J. Goodwin,,DAL,29.0,16.0,0.0,0.0,0.0,0.0,0.0,0.0,0.0,0.0,0.0,0.0,0.0,0.0,0.0,0.0,0.0,0.0,0.0,0.0,0.0,0.0,237.0,0.0
Cyril Grayson,WR,TAM,26.0,2.0,0.0,0.0,0.0,0.0,0.0,0.0,0.0,0.0,0.0,0.0,1.0,1.0,3.0,3.0,0.0,0.0,0.0,0.0,1.3,0.0,214.0,0.0
Xavier Grimble,TE,PIT,27.0,3.0,1.0,0.0,0.0,0.0,0.0,0.0,0.0,0.0,0.0,0.0,3.0,1.0,3.0,3.0,0.0,0.0,0.0,0.0,1.3,0.0,115.0,0.0
Jalen Guyton,,LAC,22.0,3.0,0.0,0.0,0.0,0.0,0.0,0.0,0.0,0.0,0.0,0.0,2.0,0.0,0.0,0.0,0.0,0.0,0.0,0.0,0.0,0.0,218.0,0.0
Justin Hardee,,NOR,25.0,16.0,0.0,0.0,0.0,0.0,0.0,0.0,0.0,0.0,0.0,0.0,1.0,0.0,0.0,0.0,0.0,0.0,0.0,0.0,0.0,0.0,233.0,0.0
Clark Harris,,CIN,35.0,16.0,0.0,0.0,0.0,0.0,0.0,0.0,0.0,0.0,0.0,0.0,0.0,0.0,0.0,0.0,0.0,0.0,0.0,0.0,0.0,0.0,127.0,0.0
Krishawn Hogan,WR,NOR,24.0,8.0,0.0,0.0,0.0,0.0,0.0,0.0,0.0,0.0,0.0,0.0,1.0,1.0,4.0,4.0,0.0,0.0,0.0,0.0,1.4,0.0,213.0,0.0
Lil'Jordan Humphrey,,NOR,21.0,5.0,1.0,0.0,0.0,0.0,0.0,0.0,0.0,0.0,0.0,0.0,1.0,0.0,0.0,0.0,0.0,0.0,0.0,0.0,0.0,0.0,227.0,0.0
Trenton Irwin,,CIN,24.0,1.0,0.0,0.0,0.0,0.0,0.0,0.0,0.0,0.0,0.0,0.0,0.0,0.0,0.0,0.0,0.0,0.0,0.0,0.0,0.0,0.0,219.0,0.0
Gary Jennings,,MIA,22.0,1.0,0.0,0.0,0.0,0.0,0.0,0.0,0.0,0.0,0.0,0.0,0.0,0.0,0.0,0.0,0.0,0.0,0.0,0.0,0.0,0.0,229.0,0.0
Tom Kennedy,,DET,23.0,1.0,0.0,0.0,0.0,0.0,0.0,0.0,0.0,0.0,0.0,0.0,0.0,0.0,0.0,0.0,0.0,0.0,0.0,0.0,0.0,0.0,230.0,0.0
Darvin Kidsy,,WAS,24.0,3.0,0.0,0.0,0.0,0.0,0.0,0.0,0.0,0.0,0.0,0.0,0.0,0.0,0.0,0.0,0.0,0.0,0.0,0.0,0.0,0.0,228.0,0.0
Keith Kirkwood,,NOR,26.0,1.0,0.0,0.0,0.0,0.0,0.0,0.0,0.0,0.0,0.0,0.0,0.0,0.0,0.0,0.0,0.0,0.0,0.0,0.0,0.0,0.0,220.0,0.0
Matt Lengel,,IND,29.0,1.0,1.0,0.0,0.0,0.0,0.0,0.0,0.0,0.0,0.0,0.0,0.0,0.0,0.0,0.0,0.0,0.0,0.0,0.0,0.0,0.0,124.0,0.0
Josh Malone,,NYJ,23.0,2.0,0.0,0.0,0.0,0.0,0.0,0.0,0.0,0.0,0.0,0.0,0.0,0.0,0.0,0.0,0.0,0.0,0.0,0.0,0.0,0.0,235.0,0.0
Jeremy McNichols,,JAX,24.0,1.0,0.0,0.0,0.0,0.0,0.0,0.0,0.0,0.0,0.0,0.0,0.0,0.0,0.0,0.0,0.0,0.0,0.0,0.0,0.0,0.0,165.0,0.0
Trace McSorley,QB,BAL,24.0,1.0,0.0,0.0,0.0,0.0,0.0,0.0,1.0,1.0,1.0,0.0,0.0,0.0,0.0,0.0,0.0,0.0,0.0,0.0,0.1,0.0,64.0,0.0
Carson Meier,,ATL,24.0,1.0,1.0,0.0,0.0,0.0,0.0,0.0,0.0,0.0,0.0,0.0,0.0,0.0,0.0,0.0,0.0,0.0,0.0,0.0,0.0,0.0,131.0,0.0
Jaydon Mickens,,TAM,25.0,1.0,0.0,0.0,0.0,0.0,0.0,0.0,0.0,0.0,0.0,0.0,0.0,0.0,0.0,0.0,0.0,0.0,0.0,0.0,0.0,0.0,240.0,0.0
Alfred Morris,RB,ARI,31.0,1.0,0.0,0.0,0.0,0.0,0.0,0.0,1.0,4.0,4.0,0.0,0.0,0.0,0.0,0.0,0.0,0.0,0.0,0.0,0.4,0.0,152.0,0.0
Nick Mullens,QB,SFO,24.0,1.0,0.0,0.0,0.0,0.0,0.0,0.0,3.0,-3.0,-1.0,0.0,0.0,0.0,0.0,0.0,0.0,0.0,0.0,0.0,-0.3,0.0,69.0,0.0
Jojo Natson,,LAR,25.0,12.0,0.0,0.0,0.0,0.0,0.0,0.0,0.0,0.0,0.0,0.0,0.0,0.0,0.0,0.0,0.0,0.0,0.0,0.0,0.0,0.0,236.0,0.0
Roosevelt Nix,RB,PIT,27.0,3.0,0.0,0.0,0.0,0.0,0.0,0.0,0.0,0.0,0.0,0.0,3.0,2.0,4.0,2.0,0.0,0.0,0.0,0.0,2.4,0.0,150.0,0.0
Jamize Olawale,,DAL,30.0,16.0,5.0,0.0,0.0,0.0,0.0,0.0,0.0,0.0,0.0,0.0,2.0,0.0,0.0,0.0,0.0,0.0,0.0,0.0,0.0,0.0,2.0,0.0
Matthew Orzech,,JAX,24.0,16.0,0.0,0.0,0.0,0.0,0.0,0.0,0.0,0.0,0.0,0.0,0.0,0.0,0.0,0.0,0.0,0.0,0.0,0.0,0.0,0.0,128.0,0.0
Senorise Perry,RB,BUF,28.0,11.0,0.0,0.0,0.0,0.0,0.0,0.0,3.0,3.0,1.0,0.0,1.0,1.0,1.0,1.0,0.0,0.0,0.0,0.0,1.4,0.0,151.0,0.0
Craig Reynolds,,WAS,23.0,3.0,0.0,0.0,0.0,0.0,0.0,0.0,0.0,0.0,0.0,0.0,0.0,0.0,0.0,0.0,0.0,0.0,0.0,0.0,0.0,0.0,157.0,0.0
Richard Rodgers,,PHI,27.0,1.0,0.0,0.0,0.0,0.0,0.0,0.0,0.0,0.0,0.0,0.0,0.0,0.0,0.0,0.0,0.0,0.0,0.0,0.0,0.0,0.0,132.0,0.0
Cooper Rush,,DAL,26.0,2.0,0.0,0.0,0.0,0.0,0.0,0.0,0.0,0.0,0.0,0.0,0.0,0.0,0.0,0.0,0.0,0.0,0.0,0.0,0.0,0.0,66.0,0.0
Spencer Schnell,,TAM,25.0,1.0,0.0,0.0,0.0,0.0,0.0,0.0,0.0,0.0,0.0,0.0,0.0,0.0,0.0,0.0,0.0,0.0,0.0,0.0,0.0,0.0,215.0,0.0
Mason Schreck,,CIN,26.0,2.0,0.0,0.0,0.0,0.0,0.0,0.0,0.0,0.0,0.0,0.0,0.0,0.0,0.0,0.0,0.0,0.0,0.0,0.0,0.0,0.0,129.0,0.0
Trevor Siemian,QB,NYJ,28.0,1.0,1.0,3.0,6.0,3.0,0.0,0.0,0.0,0.0,0.0,0.0,0.0,0.0,0.0,0.0,0.0,0.0,0.0,0.0,0.1,0.0,63.0,0.0
Matthew Slater*+,,NWE,34.0,16.0,0.0,0.0,0.0,0.0,0.0,0.0,0.0,0.0,0.0,0.0,0.0,0.0,0.0,0.0,0.0,0.0,0.0,0.0,0.0,0.0,217.0,0.0
Rod Smith,,2TM,27.0,6.0,0.0,0.0,0.0,0.0,0.0,0.0,0.0,0.0,0.0,0.0,0.0,0.0,0.0,0.0,0.0,0.0,0.0,0.0,0.0,0.0,159.0,0.0
Nate Solder,,NYG,31.0,16.0,16.0,0.0,0.0,0.0,0.0,0.0,0.0,0.0,0.0,0.0,0.0,0.0,0.0,0.0,0.0,0.0,0.0,0.0,0.0,0.0,133.0,0.0
Jace Sternberger,,GNB,23.0,6.0,1.0,0.0,0.0,0.0,0.0,0.0,0.0,0.0,0.0,0.0,1.0,0.0,0.0,0.0,0.0,0.0,0.0,0.0,0.0,0.0,123.0,0.0
Alex Tanney,QB,NYG,32.0,1.0,0.0,1.0,1.0,1.0,0.0,0.0,0.0,0.0,0.0,0.0,0.0,0.0,0.0,0.0,0.0,0.0,0.0,0.0,0.0,0.0,65.0,0.0
Taywan Taylor,,CLE,24.0,3.0,1.0,0.0,0.0,0.0,0.0,0.0,0.0,0.0,0.0,0.0,1.0,0.0,0.0,0.0,0.0,0.0,0.0,0.0,0.0,0.0,232.0,0.0
Eric Tomlinson,TE,3TM,27.0,8.0,3.0,0.0,0.0,0.0,0.0,0.0,0.0,0.0,0.0,0.0,1.0,1.0,1.0,1.0,0.0,0.0,0.0,0.0,1.1,0.0,116.0,0.0
Robert Turbin,,SEA,30.0,1.0,0.0,0.0,0.0,0.0,0.0,0.0,0.0,0.0,0.0,0.0,0.0,0.0,0.0,0.0,0.0,0.0,0.0,0.0,0.0,0.0,158.0,0.0
Jason Vander Laan,,NOR,27.0,2.0,1.0,0.0,0.0,0.0,0.0,0.0,0.0,0.0,0.0,0.0,0.0,0.0,0.0,0.0,0.0,0.0,0.0,0.0,0.0,0.0,126.0,0.0
Austin Walter,,NYG,23.0,1.0,0.0,0.0,0.0,0.0,0.0,0.0,0.0,0.0,0.0,0.0,0.0,0.0,0.0,0.0,0.0,0.0,0.0,0.0,0.0,0.0,154.0,0.0
Jester Weah,,WAS,24.0,1.0,0.0,0.0,0.0,0.0,0.0,0.0,0.0,0.0,0.0,0.0,0.0,0.0,0.0,0.0,0.0,0.0,0.0,0.0,0.0,0.0,239.0,0.0
Nsimba Webster,,LAR,23.0,5.0,0.0,0.0,0.0,0.0,0.0,0.0,0.0,0.0,0.0,0.0,0.0,0.0,0.0,0.0,0.0,1.0,0.0,0.0,0.0,0.0,216.0,0.0
Chad Williams,,IND,25.0,1.0,0.0,0.0,0.0,0.0,0.0,0.0,0.0,0.0,0.0,0.0,1.0,0.0,0.0,0.0,0.0,0.0,0.0,0.0,0.0,0.0,225.0,0.0
Trayveon Williams,,CIN,22.0,11.0,0.0,0.0,0.0,0.0,0.0,0.0,0.0,0.0,0.0,0.0,0.0,0.0,0.0,0.0,0.0,0.0,0.0,0.0,0.0,0.0,155.0,0.0
Juwann Winfree,,DEN,23.0,3.0,0.0,0.0,0.0,0.0,0.0,0.0,0.0,0.0,0.0,0.0,0.0,0.0,0.0,0.0,0.0,0.0,0.0,0.0,0.0,0.0,223.0,0.0
Blake Bortles,QB,LAR,27.0,3.0,0.0,1.0,2.0,3.0,0.0,0.0,2.0,-9.0,-4.5,0.0,0.0,0.0,0.0,0.0,0.0,0.0,0.0,0.0,-0.8,0.0,71.0,0.0
Sean Mannion,QB,MIN,27.0,3.0,1.0,12.0,21.0,126.0,0.0,2.0,6.0,-5.0,-0.83,0.0,0.0,0.0,0.0,0.0,0.0,1.0,1.0,0.0,-1.5,0.0,72.0,0.0
Greg Dortch,,CAR,21.0,2.0,0.0,0.0,0.0,0.0,0.0,0.0,0.0,0.0,0.0,0.0,0.0,0.0,0.0,0.0,0.0,1.0,1.0,0.0,-2.0,0.0,243.0,0.0
Quincy Enunwa,WR,NYJ,27.0,1.0,1.0,0.0,0.0,0.0,0.0,0.0,0.0,0.0,0.0,0.0,3.0,1.0,-4.0,-4.0,0.0,1.0,1.0,0.0,-1.4,0.0,244.0,0.0
Ray-Ray McCloud,,CAR,23.0,6.0,0.0,0.0,0.0,0.0,0.0,0.0,0.0,0.0,0.0,0.0,0.0,0.0,0.0,0.0,0.0,3.0,1.0,0.0,-2.0,0.0,242.0,0.0
Darrius Shepherd,WR,GNB,24.0,6.0,0.0,0.0,0.0,0.0,0.0,0.0,0.0,0.0,0.0,0.0,2.0,1.0,1.0,1.0,0.0,1.0,1.0,0.0,-0.9,0.0,241.0,0.0
Jarrett Stidham,QB,NWE,23.0,3.0,0.0,2.0,4.0,14.0,0.0,1.0,2.0,-2.0,-1.0,0.0,0.0,0.0,0.0,0.0,0.0,0.0,0.0,0.0,-1.6,0.0,73.0,0.0
Michael Walker,WR,JAX,23.0,7.0,0.0,0.0,0.0,0.0,0.0,0.0,0.0,0.0,0.0,0.0,3.0,2.0,15.0,7.5,0.0,2.0,2.0,0.0,-0.5,0.0,245.0,0.0
Corey Clement,,PHI,25.0,4.0,0.0,0.0,0.0,0.0,0.0,0.0,0.0,0.0,0.0,0.0,0.0,0.0,0.0,0.0,0.0,2.0,2.0,0.0,-4.0,0.0,166.0,0.0
